,id,best_model,mae,bias,score,ADI,CV2,regime
0,CID0_SID0_PID104_MGID6_CAT120-CAT250-CAT32,Holt,74.1446480896852,14.968214139932837,89.11286222961805,1.0,0.1971764236476327,Low-Low
1,CID0_SID0_PID117_MGID6_CAT14-CAT228-CAT31,Holt,106.64931429751567,-8.760258754927106,115.4095730524428,1.0,0.12408092424692828,Low-Low
2,CID0_SID0_PID118_MGID6_CAT14-CAT228-CAT3180,SeasonalExponentialSmoothingOptimized,37.389925839195385,-2.731973377354848,40.12189921655023,1.0,0.23694922135685326,Low-Low
3,CID0_SID0_PID122_MGID6_CAT120-CAT268-CAT3127,HoltWinters,81.26502324370593,-56.31527439405344,137.58029763775937,1.0,0.2550312482584942,Low-Low
4,CID0_SID0_PID127_MGID6_CAT120-CAT258-CAT3172,chronos2,21.079993111746653,-15.380333491734095,36.46032660348075,1.0133333333333334,0.20483547525780468,Low-Low
5,CID0_SID0_PID129_MGID6_CAT110-CAT233-CAT3181,CrostonOptimized,48.57142857142857,0.5674566205284017,49.13888519195697,1.4074074074074074,1.3106477168274608,High-High
6,CID0_SID0_PID136_MGID6_CAT14-CAT228-CAT3161,WindowAverage,26.428571428571427,-8.214285714285714,34.64285714285714,1.0410958904109588,0.2739750026208807,Low-Low
7,CID0_SID0_PID166_MGID6_CAT120-CAT250-CAT359,HistoricAverage,59.23684210526316,-16.0639097744361,75.30075187969926,1.0,0.2087847682367124,Low-Low
8,CID0_SID0_PID18_MGID6_CAT14-CAT228-CAT3142,lightgbm,35.97933235679165,-23.89936122292039,59.87869357971204,1.0410958904109588,0.46391081833419723,Low-Low
9,CID0_SID0_PID190_MGID6_CAT14-CAT228-CAT3131,CrostonClassic,49.34204825931458,-6.268597479029579,55.61064573834416,1.027027027027027,0.15692764032677128,Low-Low
10,CID0_SID0_PID193_MGID6_CAT18-CAT229-CAT3114,SimpleExponentialSmoothingOptimized,15.279162929739426,-0.1887166346811538,15.46787956442058,1.0410958904109588,0.2337625867611395,Low-Low
11,CID0_SID0_PID194_MGID5_CAT118-CAT280-CAT3109,WindowAverage,30.571428571428573,-2.2857142857142856,32.85714285714286,1.027027027027027,0.3521189710195946,Low-Low
12,CID0_SID0_PID19_MGID6_CAT14-CAT228-CAT381,OptimizedTheta,34.4193010224814,0.1891462181826568,34.608447240664056,1.027027027027027,0.2484962450767301,Low-Low
13,CID0_SID0_PID201_MGID6_CAT18-CAT229-CAT3113,OptimizedTheta,32.541003875379324,0.4964945223322701,33.037498397711595,1.0857142857142856,0.2991690389866705,Low-Low
14,CID0_SID0_PID207_MGID6_CAT14-CAT228-CAT3179,HoltWinters,30.02445657460643,-7.498327887385399,37.52278446199183,1.0133333333333334,0.23843252429464612,Low-Low
15,CID0_SID0_PID214_MGID6_CAT18-CAT28-CAT39,OptimizedTheta,14.072852247485752,5.621404147953186,19.69425639543893,1.0,0.22215235183252854,Low-Low
16,CID0_SID0_PID215_MGID6_CAT14-CAT228-CAT3149,CrostonOptimized,62.40927697920618,0.2779182884138192,62.687195267620005,1.0,0.19521880787453225,Low-Low
17,CID0_SID0_PID21_MGID6_CAT14-CAT228-CAT381,CrostonSBA,25.97889516295552,1.8522661406885987,27.831161303644112,1.0133333333333334,0.28952380952380957,Low-Low
18,CID0_SID0_PID223_MGID6_CAT120-CAT258-CAT3172,Theta,34.05936716481999,0.193423878962065,34.252791043782054,1.0,0.13315566425015282,Low-Low
19,CID0_SID0_PID23_MGID6_CAT14-CAT253-CAT358,HistoricAverage,56.49248120300752,-38.95864661654135,95.45112781954889,1.0555555555555556,0.4680149599439178,Low-Low
20,CID0_SID0_PID253_MGID6_CAT110-CAT233-CAT383,HistoricAverage,15.661654135338347,4.112781954887216,19.774436090225564,1.0,0.23074852142612345,Low-Low
21,CID0_SID0_PID259_MGID6_CAT121-CAT264-CAT3123,Naive,24.285714285714285,10.0,34.285714285714285,1.0704225352112675,0.32512224104586784,Low-Low
22,CID0_SID0_PID26_MGID6_CAT14-CAT253-CAT3156,SeasonalNaive,22.571428571428573,-5.0,27.571428571428573,1.0133333333333334,0.1550563231828679,Low-Low
23,CID0_SID0_PID291_MGID5_CAT116-CAT227-CAT398,RandomWalkWithDrift,23.5952380952381,0.8428571428571493,24.438095238095247,1.0133333333333334,0.19668899684678132,Low-Low
24,CID0_SID0_PID296_MGID5_CAT116-CAT225-CAT3103,CrostonClassic,33.357142857142854,3.6570394431168034,37.014182300259655,1.0,0.13007091954530992,Low-Low
25,CID0_SID0_PID300_MGID6_CAT120-CAT250-CAT324,SeasonalExponentialSmoothingOptimized,158.20233485149535,-22.34610408391797,180.5484389354133,1.0410958904109588,0.1906766445695131,Low-Low
26,CID0_SID0_PID310_MGID5_CAT116-CAT225-CAT3105,HoltWinters,41.11604391360738,3.287712763836097,44.40375667744348,1.0,0.14497932837827804,Low-Low
27,CID0_SID0_PID345_MGID5_CAT116-CAT226-CAT396,SimpleExponentialSmoothingOptimized,10.72955312891474,0.1068719024031636,10.836425031317903,1.027027027027027,0.32985206911360265,Low-Low
28,CID0_SID0_PID370_MGID6_CAT124-CAT266-CAT3199,HistoricAverage,21.428571428571423,1.1654135338345952,22.59398496240602,1.0,0.18477370357185222,Low-Low
29,CID0_SID0_PID379_MGID2_CAT129-CAT276-CAT3231,Naive,18.571428571428573,4.285714285714286,22.857142857142858,1.0857142857142856,0.6809988074242043,Low-High
30,CID0_SID0_PID38_MGID0_CAT15-CAT26-CAT365,HistoricAverage,59.06015037593985,0.1127819548872146,59.17293233082707,1.2666666666666666,3.6246266995693626,Low-High
31,CID0_SID0_PID411_MGID0_CAT128-CAT272-CAT3218,lightgbm,25.663213654982,2.871267545921826,28.534481200903823,1.3333333333333333,1.1612622951647007,High-High
32,CID0_SID0_PID419_MGID6_CAT124-CAT251-CAT3153,lightgbm,16.780414324686227,-2.087943997851512,18.868358322537738,1.0,0.3909897795738385,Low-Low
33,CID0_SID0_PID41_MGID6_CAT14-CAT253-CAT377,WindowAverage,66.42857142857143,0.7142857142857143,67.14285714285714,1.2063492063492063,0.6875146277792781,Low-High
34,CID0_SID0_PID439_MGID6_CAT121-CAT261-CAT316,HistoricAverage,34.45488721804511,-11.672932330827072,46.12781954887218,1.2258064516129032,1.394487916245615,Low-High
35,CID0_SID0_PID486_MGID6_CAT120-CAT268-CAT363,Naive,55.71428571428572,34.2857142857143,90.00000000000003,1.0,0.17688551830765015,Low-Low
36,CID0_SID0_PID489_MGID6_CAT121-CAT264-CAT3123,Theta,25.87123872393056,0.1321586302636624,26.003397354194217,1.027027027027027,0.31868047943112776,Low-Low
37,CID0_SID0_PID496_MGID5_CAT116-CAT225-CAT3101,SeasonalExponentialSmoothingOptimized,19.3126633235542,4.158897100607804,23.471560424162007,1.0,0.18767417798162353,Low-Low
38,CID0_SID0_PID4_MGID2_CAT129-CAT278-CAT382,RandomWalkWithDrift,76.51428571428572,-14.85714285714286,91.37142857142858,1.0133333333333334,0.7608120244439397,Low-High
39,CID0_SID0_PID500_MGID6_CAT14-CAT228-CAT3179,Holt,17.14368358592582,-0.9540405931948922,18.09772417912072,1.0,0.3976370391281715,Low-Low
40,CID0_SID0_PID548_MGID3_CAT111-CAT262-CAT3182,HoltWinters,15.65737376505663,0.0550086170070816,15.71238238206371,1.0133333333333334,0.29182841152263383,Low-Low
41,CID0_SID0_PID554_MGID6_CAT14-CAT228-CAT3168,Holt,31.06565172564761,-6.243647160492728,37.30929888614034,1.0704225352112675,0.3821215848316082,Low-Low
42,CID0_SID0_PID567_MGID6_CAT120-CAT250-CAT359,lightgbm,35.65193896562161,-3.250050208211252,38.90198917383286,1.0,0.1097411047619048,Low-Low
43,CID0_SID0_PID578_MGID6_CAT14-CAT253-CAT358,WindowAverage,22.857142857142858,-6.428571428571429,29.285714285714285,1.0,0.1927093726734022,Low-Low
44,CID0_SID0_PID580_MGID2_CAT129-CAT276-CAT360,WindowAverage,43.57142857142857,5.0,48.57142857142857,1.0,0.14843451553164527,Low-Low
45,CID0_SID0_PID596_MGID2_CAT129-CAT276-CAT360,WindowAverage,30.0,2.142857142857143,32.142857142857146,1.0,0.3470407159763036,Low-Low
46,CID0_SID0_PID600_MGID2_CAT129-CAT278-CAT3157,Holt,62.93792792943303,-62.2348329473036,125.17276087673662,1.0133333333333334,0.14207492338200828,Low-Low
47,CID0_SID0_PID631_MGID5_CAT116-CAT225-CAT3103,chronos2,22.781345094953263,-0.7412499019077846,23.52259499686105,1.0,0.16089171193235818,Low-Low
48,CID0_SID0_PID633_MGID5_CAT116-CAT225-CAT3105,HoltWinters,12.320259615681854,0.6916668146335644,13.011926430315418,1.0133333333333334,0.25559400230680523,Low-Low
49,CID0_SID0_PID635_MGID5_CAT116-CAT227-CAT3104,SimpleExponentialSmoothingOptimized,16.739579579343303,1.4627713411173895,18.20235092046069,1.027027027027027,0.472792026319116,Low-Low
50,CID0_SID0_PID638_MGID5_CAT116-CAT225-CAT394,CrostonSBA,20.471690149300294,-0.269597526326516,20.74128767562681,1.0555555555555556,0.3172140861983451,Low-Low
51,CID0_SID0_PID644_MGID4_CAT123-CAT210-CAT317,HistoricAverage,27.875939849624064,-15.996240601503766,43.87218045112783,1.027027027027027,0.453462004175141,Low-Low
52,CID0_SID0_PID672_MGID6_CAT110-CAT238-CAT3173,WindowAverage,35.0,-2.142857142857143,37.142857142857146,1.0,0.28352621999728034,Low-Low
53,CID0_SID0_PID686_MGID2_CAT10-CAT221-CAT3221,chronos2,9.82526125226702,0.0338145664760044,9.859075818743026,1.027027027027027,0.20480897084731808,Low-Low
54,CID0_SID0_PID691_MGID6_CAT121-CAT264-CAT319,lightgbm,108.76366751754416,33.99500905303095,142.75867657057512,1.0,0.11757336572271444,Low-Low
55,CID0_SID0_PID699_MGID2_CAT130-CAT275-CAT3191,SeasonalExponentialSmoothingOptimized,31.10891169553852,6.196572058535309,37.30548375407383,1.027027027027027,0.2696411649313415,Low-Low
56,CID0_SID0_PID6_MGID6_CAT120-CAT250-CAT3170,WindowAverage,25.714285714285715,5.714285714285714,31.42857142857143,1.027027027027027,0.34285455288599676,Low-Low
57,CID0_SID0_PID70_MGID6_CAT14-CAT228-CAT381,SeasonalExponentialSmoothingOptimized,103.821765670538,12.102737043795305,115.9245027143333,1.0133333333333334,0.16386533686007093,Low-Low
58,CID0_SID0_PID712_MGID6_CAT124-CAT266-CAT3199,HistoricAverage,74.49248120300751,-1.44736842105263,75.93984962406014,1.027027027027027,0.21243169554700303,Low-Low
59,CID0_SID0_PID719_MGID6_CAT110-CAT257-CAT3205,CrostonOptimized,12.142857142857142,1.0146631160645256,13.157520258921668,1.0133333333333334,0.20019461912620984,Low-Low
60,CID0_SID0_PID72_MGID3_CAT125-CAT271-CAT3213,chronos2,17.24076243809291,0.4336934770856585,17.67445591517857,1.0133333333333334,0.27054461353010073,Low-Low
61,CID0_SID0_PID740_MGID2_CAT129-CAT276-CAT360,SeasonalExponentialSmoothingOptimized,38.32526938903536,-0.2363012951534204,38.56157068418878,1.0133333333333334,0.1401843465288508,Low-Low
62,CID0_SID0_PID764_MGID5_CAT118-CAT280-CAT3111,SimpleExponentialSmoothingOptimized,17.969954268717757,1.2182513095957346,19.188205578313493,1.0555555555555556,0.33632975083524524,Low-Low
63,CID0_SID0_PID769_MGID6_CAT120-CAT268-CAT3176,chronos2,24.10213197980608,-3.310508183070592,27.41264016287668,1.0,0.17871501654974548,Low-Low
64,CID0_SID0_PID76_MGID6_CAT18-CAT229-CAT3113,SimpleExponentialSmoothingOptimized,34.39596513324414,-0.7717559327089246,35.16772106595307,1.0410958904109588,0.26040833166836413,Low-Low
65,CID0_SID0_PID775_MGID6_CAT14-CAT228-CAT3167,WindowAverage,41.42857142857143,5.357142857142855,46.785714285714285,1.0,0.13673047805306082,Low-Low
66,CID0_SID0_PID783_MGID5_CAT122-CAT281-CAT356,Naive,37.142857142857146,4.285714285714286,41.42857142857143,1.027027027027027,0.2603139470413124,Low-Low
67,CID0_SID0_PID796_MGID6_CAT14-CAT228-CAT31,Naive,52.85714285714285,-4.285714285714287,57.14285714285714,1.027027027027027,0.22365328681572352,Low-Low
68,CID0_SID0_PID806_MGID6_CAT121-CAT264-CAT3184,WindowAverage,19.642857142857142,-3.2142857142857144,22.857142857142858,1.1014492753623188,0.46722449142604044,Low-Low
69,CID0_SID0_PID810_MGID6_CAT14-CAT228-CAT3168,OptimizedTheta,52.91053889501601,-2.8536583226024663,55.76419721761848,1.0410958904109588,0.3311113345980873,Low-Low
70,CID0_SID0_PID834_MGID0_CAT128-CAT272-CAT3154,SeasonalNaive,126.42857142857144,-107.85714285714286,234.28571428571428,1.0555555555555556,0.3329786902358695,Low-Low
71,CID0_SID0_PID843_MGID6_CAT14-CAT228-CAT3167,SeasonalNaive,17.857142857142858,2.142857142857143,20.0,1.0133333333333334,0.26866505465572404,Low-Low
72,CID0_SID0_PID90_MGID6_CAT14-CAT253-CAT377,SimpleExponentialSmoothingOptimized,86.54768990031718,-4.405257873648783,90.95294777396596,1.1692307692307693,0.6752129571358582,Low-High
73,CID0_SID0_PID93_MGID6_CAT121-CAT261-CAT3223,Naive,27.142857142857142,0.0,27.142857142857142,1.0,0.14355505416505404,Low-Low
74,CID0_SID12_PID129_MGID6_CAT110-CAT233-CAT3181,HistoricAverage,22.06766917293233,1.6165413533834578,23.684210526315788,1.4901960784313726,1.3379718263832971,High-High
75,CID0_SID12_PID41_MGID6_CAT14-CAT253-CAT377,WindowAverage,22.142857142857142,-12.5,34.64285714285714,1.6888888888888889,1.631704385899762,High-High
76,CID0_SID12_PID768_MGID0_CAT15-CAT25-CAT36,Holt,82.94153707028401,0.2969241424671369,83.23846121275115,2.0,2.213212992886328,High-High
77,CID0_SID18_PID362_MGID1_CAT17-CAT217-CAT351,HoltWinters,25.613546114677604,4.996233459541671,30.609779574219274,1.5833333333333333,1.8282105632259478,High-High
78,CID0_SID18_PID536_MGID0_CAT15-CAT26-CAT365,lightgbm,97.19304447404768,-33.63039548546906,130.82343995951675,1.4074074074074074,2.9096372144533245,High-High
79,CID0_SID18_PID830_MGID1_CAT17-CAT216-CAT344,CrostonSBA,21.51375307147087,3.8695643215766062,25.38331739304748,1.3571428571428572,1.4335999999999998,High-High
80,CID0_SID19_PID768_MGID0_CAT15-CAT25-CAT36,HoltWinters,30.08234890988777,-2.339070594172626,32.421419504060395,1.4615384615384615,1.5838267655287495,High-High
81,CID0_SID1_PID104_MGID6_CAT120-CAT250-CAT32,Naive,107.14285714285714,5.714285714285714,112.85714285714285,1.0,0.22088805135802483,Low-Low
82,CID0_SID1_PID108_MGID6_CAT18-CAT229-CAT3113,SeasonalExponentialSmoothingOptimized,36.16417549024652,-2.3985378840583387,38.56271337430486,1.0555555555555556,0.2925528999089149,Low-Low
83,CID0_SID1_PID110_MGID2_CAT131-CAT279-CAT3121,HoltWinters,15.151830526698657,-1.843996332906612,16.99582685960527,1.0133333333333334,0.13414268711055097,Low-Low
84,CID0_SID1_PID114_MGID6_CAT110-CAT233-CAT372,WindowAverage,91.78571428571428,-3.928571428571429,95.71428571428572,1.0704225352112675,0.24028346585152538,Low-Low
85,CID0_SID1_PID117_MGID6_CAT14-CAT228-CAT31,HistoricAverage,181.42857142857144,12.857142857142849,194.28571428571428,1.0,0.15021312680196738,Low-Low
86,CID0_SID1_PID118_MGID6_CAT14-CAT228-CAT3180,CrostonClassic,48.65533001095665,-2.269832780446334,50.92516279140299,1.0,0.1672784501135178,Low-Low
87,CID0_SID1_PID121_MGID2_CAT130-CAT274-CAT3195,Naive,30.0,0.0,30.0,1.0133333333333334,0.6963980993030984,Low-High
88,CID0_SID1_PID122_MGID6_CAT120-CAT268-CAT3127,HoltWinters,107.38672637849012,-87.75640672553871,195.14313310402883,1.0,0.24941294526139426,Low-Low
89,CID0_SID1_PID127_MGID6_CAT120-CAT258-CAT3172,Theta,47.28211688946606,-3.489980133272805,50.77209702273886,1.0,0.186238614160185,Low-Low
90,CID0_SID1_PID133_MGID2_CAT131-CAT277-CAT373,HoltWinters,26.31011162054695,-4.785922451057294,31.096034071604244,1.0857142857142856,0.6964287537016264,Low-High
91,CID0_SID1_PID136_MGID6_CAT14-CAT228-CAT3161,Naive,25.0,2.142857142857143,27.142857142857142,1.0133333333333334,0.24392549494846955,Low-Low
92,CID0_SID1_PID138_MGID4_CAT127-CAT237-CAT3126,WindowAverage,18.214285714285715,-4.642857142857143,22.857142857142858,1.0,0.1986394557823129,Low-Low
93,CID0_SID1_PID140_MGID6_CAT14-CAT228-CAT310,CrostonClassic,16.80643489235802,1.9307585322204173,18.73719342457844,1.0133333333333334,0.26845168880685394,Low-Low
94,CID0_SID1_PID151_MGID2_CAT131-CAT279-CAT3158,Naive,10.714285714285714,0.7142857142857143,11.428571428571429,1.027027027027027,0.14788333333333328,Low-Low
95,CID0_SID1_PID166_MGID6_CAT120-CAT250-CAT359,chronos2,85.53926522391183,-2.8530338832310287,88.39229910714286,1.0,0.18731050812495323,Low-Low
96,CID0_SID1_PID16_MGID6_CAT18-CAT229-CAT3113,chronos2,31.12902777535575,0.9658083234514508,32.0948360988072,1.0857142857142856,0.2835489462467762,Low-Low
97,CID0_SID1_PID17_MGID6_CAT120-CAT258-CAT3172,lightgbm,16.875462018690452,3.566432786959264,20.44189480564972,1.0,0.15620948862163592,Low-Low
98,CID0_SID1_PID18_MGID6_CAT14-CAT228-CAT3142,Holt,41.03607719741688,-27.71188559667483,68.7479627940917,1.027027027027027,0.4110036501882263,Low-Low
99,CID0_SID1_PID190_MGID6_CAT14-CAT228-CAT3131,HistoricAverage,69.84962406015039,0.5263157894736565,70.37593984962405,1.027027027027027,0.13514015945534355,Low-Low
100,CID0_SID1_PID194_MGID5_CAT118-CAT280-CAT3109,WindowAverage,70.14285714285714,-10.571428571428571,80.71428571428571,1.0133333333333334,0.4286481870871856,Low-Low
101,CID0_SID1_PID19_MGID6_CAT14-CAT228-CAT381,OptimizedTheta,66.61251434799857,-22.434159907349105,89.04667425534768,1.0133333333333334,0.19537718407733265,Low-Low
102,CID0_SID1_PID200_MGID6_CAT18-CAT229-CAT3113,WindowAverage,18.428571428571427,-2.0,20.428571428571427,1.0857142857142856,0.3057794898504011,Low-Low
103,CID0_SID1_PID201_MGID6_CAT18-CAT229-CAT3113,Theta,27.924191069029835,-2.2862332618356027,30.21042433086544,1.0133333333333334,0.23114123420545468,Low-Low
104,CID0_SID1_PID207_MGID6_CAT14-CAT228-CAT3179,Holt,47.12075405478341,-8.092242288500776,55.21299634328419,1.0133333333333334,0.20970560893842377,Low-Low
105,CID0_SID1_PID213_MGID6_CAT14-CAT228-CAT381,CrostonClassic,15.440750225980064,-0.4861769895681241,15.926927215548186,1.0555555555555556,0.2989009718420747,Low-Low
106,CID0_SID1_PID214_MGID6_CAT18-CAT28-CAT39,SeasonalExponentialSmoothingOptimized,18.554907125008373,-2.596491434553145,21.15139855956152,1.0,0.23471271711649216,Low-Low
107,CID0_SID1_PID215_MGID6_CAT14-CAT228-CAT3149,chronos2,130.78228759765625,-15.932730538504464,146.71501813616072,1.0,0.19121460652674513,Low-Low
108,CID0_SID1_PID216_MGID6_CAT121-CAT264-CAT3123,chronos2,17.586494990757533,-1.8066727774483813,19.39316776820592,1.0133333333333334,0.30913471967356326,Low-Low
109,CID0_SID1_PID219_MGID6_CAT18-CAT229-CAT3114,chronos2,23.760510308401926,-1.5513428279331751,25.311853136335102,1.0704225352112675,0.2535510168109811,Low-Low
110,CID0_SID1_PID220_MGID6_CAT18-CAT229-CAT3113,CrostonClassic,28.571428571428573,0.240431226472527,28.8118597979011,1.027027027027027,0.2735667895929337,Low-Low
111,CID0_SID1_PID23_MGID6_CAT14-CAT253-CAT358,HistoricAverage,74.94172932330828,-45.91165413533834,120.85338345864662,1.0133333333333334,0.322010417718093,Low-Low
112,CID0_SID1_PID247_MGID5_CAT116-CAT225-CAT394,Holt,26.13631032248044,3.516487673372871,29.65279799585331,1.0133333333333334,0.27461058563818047,Low-Low
113,CID0_SID1_PID249_MGID5_CAT116-CAT225-CAT3103,RandomWalkWithDrift,16.076190476190476,7.571428571428574,23.64761904761905,1.0,0.1588919923957375,Low-Low
114,CID0_SID1_PID250_MGID5_CAT116-CAT227-CAT397,DynamicOptimizedTheta,19.285714285714285,-2.592724146871443,21.878438432585728,1.0,0.21860037921996897,Low-Low
115,CID0_SID1_PID258_MGID2_CAT131-CAT279-CAT3121,WindowAverage,20.714285714285715,0.7142857142857143,21.42857142857143,1.027027027027027,0.24205193608955966,Low-Low
116,CID0_SID1_PID259_MGID6_CAT121-CAT264-CAT3123,Naive,39.285714285714285,9.285714285714286,48.57142857142857,1.0857142857142856,0.22715395925225787,Low-Low
117,CID0_SID1_PID26_MGID6_CAT14-CAT253-CAT3156,HistoricAverage,35.92857142857143,0.075187969924806,36.00375939849624,1.0133333333333334,0.14258916696439816,Low-Low
118,CID0_SID1_PID27_MGID6_CAT14-CAT228-CAT310,Theta,12.020496045308072,0.3289003179895159,12.34939636329759,1.0410958904109588,0.5177144891420432,Low-High
119,CID0_SID1_PID285_MGID6_CAT124-CAT251-CAT3203,SeasonalExponentialSmoothingOptimized,22.29708324591197,0.9035097466470514,23.200592992559024,1.0410958904109588,0.31588619304586585,Low-Low
120,CID0_SID1_PID290_MGID5_CAT116-CAT225-CAT3105,RandomWalkWithDrift,49.28000000000001,-11.885714285714316,61.16571428571432,1.0133333333333334,0.13778236647594325,Low-Low
121,CID0_SID1_PID291_MGID5_CAT116-CAT227-CAT398,chronos2,34.63008989606585,16.35544150216239,50.98553139822823,1.0,0.13707794976915516,Low-Low
122,CID0_SID1_PID292_MGID5_CAT116-CAT227-CAT3104,WindowAverage,53.57142857142857,13.571428571428571,67.14285714285714,1.0,0.12537103046037937,Low-Low
123,CID0_SID1_PID293_MGID5_CAT116-CAT227-CAT3100,HistoricAverage,17.571428571428573,1.7857142857142858,19.357142857142858,1.0,0.22811113546156275,Low-Low
124,CID0_SID1_PID295_MGID5_CAT116-CAT225-CAT3106,HoltWinters,20.86647137165124,-3.103933450019005,23.970404821670243,1.027027027027027,0.18705225372529524,Low-Low
125,CID0_SID1_PID296_MGID5_CAT116-CAT225-CAT3103,CrostonSBA,43.25489734471574,-0.3585757298469372,43.61347307456268,1.0133333333333334,0.16025747741559024,Low-Low
126,CID0_SID1_PID300_MGID6_CAT120-CAT250-CAT324,HoltWinters,284.13809817819833,-8.717823427076626,292.85592160527494,1.0,0.1488741614703775,Low-Low
127,CID0_SID1_PID304_MGID2_CAT131-CAT279-CAT3227,HistoricAverage,12.556390977443607,-0.6766917293233112,13.23308270676692,1.0,0.2504633219165193,Low-Low
128,CID0_SID1_PID321_MGID5_CAT118-CAT280-CAT3109,WindowAverage,21.0,-1.5714285714285714,22.571428571428573,1.0555555555555556,0.336112483589598,Low-Low
129,CID0_SID1_PID345_MGID5_CAT116-CAT226-CAT396,HoltWinters,13.492038835841036,-2.991938701762319,16.483977537603355,1.0133333333333334,0.21447923361298443,Low-Low
130,CID0_SID1_PID362_MGID1_CAT17-CAT217-CAT351,lightgbm,45.77494616873181,-31.85421679835535,77.62916296708715,1.1014492753623188,0.9981295135546113,Low-High
131,CID0_SID1_PID366_MGID5_CAT116-CAT225-CAT3103,lightgbm,18.12391862070587,2.237053485271141,20.36097210597701,1.0133333333333334,0.20481052091974913,Low-Low
132,CID0_SID1_PID368_MGID5_CAT118-CAT280-CAT3112,WindowAverage,15.0,-1.0714285714285714,16.071428571428573,1.0133333333333334,0.3358937268027689,Low-Low
133,CID0_SID1_PID370_MGID6_CAT124-CAT266-CAT3199,RandomWalkWithDrift,41.21904761904762,-5.142857142857143,46.36190476190477,1.0,0.1489024526748971,Low-Low
134,CID0_SID1_PID373_MGID2_CAT131-CAT279-CAT322,HistoricAverage,27.96992481203008,-4.680451127819546,32.650375939849624,1.0704225352112675,0.4040159761923408,Low-Low
135,CID0_SID1_PID374_MGID5_CAT118-CAT245-CAT393,HoltWinters,9.756191492005431,-1.269861789509806,11.026053281515235,1.0133333333333334,0.1306655577446161,Low-Low
136,CID0_SID1_PID379_MGID2_CAT129-CAT276-CAT3231,RandomWalkWithDrift,19.65714285714285,-4.0,23.65714285714285,1.0410958904109588,0.7594566694805625,Low-High
137,CID0_SID1_PID381_MGID0_CAT128-CAT23-CAT37,SimpleExponentialSmoothingOptimized,49.02600817910298,36.33122859914452,85.3572367782475,1.0704225352112675,0.22387400954043904,Low-Low
138,CID0_SID1_PID38_MGID0_CAT15-CAT26-CAT365,chronos2,72.80022185189384,-35.320929118565154,108.12115097045898,1.0410958904109588,2.6851145936966616,Low-High
139,CID0_SID1_PID411_MGID0_CAT128-CAT272-CAT3218,Naive,40.0,-1.4285714285714286,41.42857142857143,1.0857142857142856,0.6735660807291668,Low-High
140,CID0_SID1_PID415_MGID1_CAT17-CAT217-CAT342,lightgbm,24.110243843909554,7.995375985517865,32.10561982942742,1.0,0.19125292951144773,Low-Low
141,CID0_SID1_PID422_MGID5_CAT116-CAT225-CAT3101,CrostonSBA,33.79631808355545,2.215684721015504,36.012002804570955,1.0,0.5652119858719501,Low-High
142,CID0_SID1_PID424_MGID5_CAT116-CAT227-CAT397,CrostonClassic,11.640182444207117,-0.0527056808783774,11.692888125085494,1.027027027027027,0.8099333100483599,Low-High
143,CID0_SID1_PID439_MGID6_CAT121-CAT261-CAT316,Holt,40.33501145231434,-1.903099598638293,42.23811105095263,1.0410958904109588,1.5275745850748288,Low-High
144,CID0_SID1_PID452_MGID2_CAT129-CAT276-CAT360,WindowAverage,36.785714285714285,1.7857142857142858,38.57142857142857,1.027027027027027,0.4193027650589105,Low-Low
145,CID0_SID1_PID470_MGID5_CAT116-CAT225-CAT3101,OptimizedTheta,11.072042363270995,0.6200975055337258,11.692139868804723,1.0133333333333334,0.22844721651103525,Low-Low
146,CID0_SID1_PID486_MGID6_CAT120-CAT268-CAT363,CrostonSBA,72.44933836854185,-0.0025114369358029,72.45184980547765,1.0,0.18612898284313717,Low-Low
147,CID0_SID1_PID487_MGID3_CAT111-CAT262-CAT3182,lightgbm,45.25908503889261,-42.84714962859767,88.10623466749028,1.0555555555555556,0.341277119649265,Low-Low
148,CID0_SID1_PID489_MGID6_CAT121-CAT264-CAT3123,HistoricAverage,55.78947368421053,-4.191729323308266,59.98120300751879,1.0,0.16863100923710395,Low-Low
149,CID0_SID1_PID496_MGID5_CAT116-CAT225-CAT3101,DynamicTheta,19.685056831210805,-0.0821760643207412,19.767232895531546,1.0,0.1944138816999707,Low-Low
150,CID0_SID1_PID499_MGID6_CAT120-CAT268-CAT318,HoltWinters,13.689659798887476,-2.032124719128676,15.721784518016152,1.0133333333333334,0.21928746996213055,Low-Low
151,CID0_SID1_PID4_MGID2_CAT129-CAT278-CAT382,Holt,99.57007542029,-19.542798628578687,119.11287404886868,1.0,0.7260427341597798,Low-High
152,CID0_SID1_PID500_MGID6_CAT14-CAT228-CAT3179,HoltWinters,22.57947241619524,1.1354172050901212,23.714889621285355,1.0,0.44673288755488444,Low-Low
153,CID0_SID1_PID554_MGID6_CAT14-CAT228-CAT3168,HoltWinters,47.28102786341327,-0.4042071468928847,47.68523501030616,1.027027027027027,0.21930025712657344,Low-Low
154,CID0_SID1_PID556_MGID5_CAT116-CAT225-CAT394,CrostonSBA,13.886182877610583,6.210617190615172,20.09680006822576,1.0133333333333334,1.6383303143742711,Low-High
155,CID0_SID1_PID563_MGID5_CAT116-CAT225-CAT3105,HistoricAverage,15.571428571428571,-4.035714285714286,19.607142857142858,1.027027027027027,1.0917945805072007,Low-High
156,CID0_SID1_PID578_MGID6_CAT14-CAT253-CAT358,RandomWalkWithDrift,28.057142857142857,-9.714285714285715,37.77142857142857,1.0,0.0957481292683724,Low-Low
157,CID0_SID1_PID58_MGID5_CAT115-CAT242-CAT389,HistoricAverage,27.94924812030075,17.73872180451128,45.68796992481203,1.0,0.2249671386329506,Low-Low
158,CID0_SID1_PID592_MGID5_CAT115-CAT243-CAT311,HistoricAverage,22.18045112781955,-4.154135338345869,26.33458646616542,1.027027027027027,0.24074506448850633,Low-Low
159,CID0_SID1_PID596_MGID2_CAT129-CAT276-CAT360,chronos2,53.45385524204799,-3.3035169328962053,56.7573721749442,1.0,0.2947165610277279,Low-Low
160,CID0_SID1_PID60_MGID6_CAT121-CAT261-CAT3224,HoltWinters,19.77765357177695,-0.0562527127632935,19.83390628454024,1.0,0.2012420256991687,Low-Low
161,CID0_SID1_PID622_MGID6_CAT121-CAT261-CAT3178,CrostonSBA,27.86979446453844,-1.7414336598297413,29.611228124368186,1.0133333333333334,0.27372513942004906,Low-Low
162,CID0_SID1_PID627_MGID4_CAT113-CAT21-CAT3214,HistoricAverage,19.285714285714285,4.285714285714286,23.57142857142857,1.0410958904109588,0.523456790123457,Low-High
163,CID0_SID1_PID628_MGID6_CAT121-CAT261-CAT316,lightgbm,50.30055872996915,-35.04358082387715,85.3441395538463,1.027027027027027,1.6910020062708946,Low-High
164,CID0_SID1_PID62_MGID0_CAT128-CAT252-CAT361,HoltWinters,32.78034452477277,-14.056822342107996,46.83716686688077,1.1014492753623188,0.4943970471994921,Low-High
165,CID0_SID1_PID631_MGID5_CAT116-CAT225-CAT3103,HistoricAverage,26.101503759398497,7.28947368421052,33.39097744360902,1.0,0.13599812076766019,Low-Low
166,CID0_SID1_PID633_MGID5_CAT116-CAT225-CAT3105,SeasonalExponentialSmoothingOptimized,12.140867125287892,-0.297030822011228,12.43789794729912,1.0,0.21241982558428488,Low-Low
167,CID0_SID1_PID634_MGID5_CAT116-CAT225-CAT399,Holt,14.609573874210977,0.6840621903794967,15.293636064590473,1.0,0.17112285927643214,Low-Low
168,CID0_SID1_PID635_MGID5_CAT116-CAT227-CAT3104,HoltWinters,19.9106020843305,1.0632351605172576,20.97383724484776,1.027027027027027,0.24074547094497983,Low-Low
169,CID0_SID1_PID636_MGID5_CAT116-CAT225-CAT3106,lightgbm,12.290998145667109,-0.0231351260622693,12.314133271729377,1.0133333333333334,0.23878890832062905,Low-Low
170,CID0_SID1_PID638_MGID5_CAT116-CAT225-CAT394,SeasonalNaive,20.714285714285715,-0.7142857142857143,21.42857142857143,1.0,0.2262132862304545,Low-Low
171,CID0_SID1_PID63_MGID0_CAT128-CAT252-CAT3169,WindowAverage,40.71428571428572,-22.857142857142858,63.57142857142857,1.3333333333333333,0.9985675374686365,High-High
172,CID0_SID1_PID644_MGID4_CAT123-CAT210-CAT317,DynamicTheta,26.483036243352338,2.979733634862697,29.462769878215035,1.0,0.3932398004951737,Low-Low
173,CID0_SID1_PID653_MGID1_CAT17-CAT217-CAT354,RandomWalkWithDrift,19.16,-10.342857142857136,29.50285714285713,1.0410958904109588,0.24526958062463342,Low-Low
174,CID0_SID1_PID663_MGID6_CAT110-CAT233-CAT3186,chronos2,10.398132732936316,-0.0156463895525251,10.41377912248884,1.0133333333333334,0.3324929169137312,Low-Low
175,CID0_SID1_PID670_MGID2_CAT131-CAT279-CAT3227,HoltWinters,24.35920022026841,-13.521317509080728,37.88051772934914,1.0133333333333334,0.17037037037037037,Low-Low
176,CID0_SID1_PID686_MGID2_CAT10-CAT221-CAT3221,SeasonalExponentialSmoothingOptimized,29.895091740329573,-0.7899402779373149,30.685032018266888,1.027027027027027,0.24043682698877694,Low-Low
177,CID0_SID1_PID691_MGID6_CAT121-CAT264-CAT319,WindowAverage,242.8571428571429,-82.85714285714286,325.7142857142857,1.0133333333333334,0.11754650695862867,Low-Low
178,CID0_SID1_PID6_MGID6_CAT120-CAT250-CAT3170,chronos2,53.31753540039063,-2.617542811802457,55.93507821219308,1.0133333333333334,0.38672765360112293,Low-Low
179,CID0_SID1_PID706_MGID4_CAT127-CAT20-CAT30,WindowAverage,4.285714285714286,0.0,4.285714285714286,1.0,0.10658041172116992,Low-Low
180,CID0_SID1_PID70_MGID6_CAT14-CAT228-CAT381,OptimizedTheta,148.40973642672944,3.646377079635662,152.0561135063651,1.027027027027027,0.15424410480996956,Low-Low
181,CID0_SID1_PID711_MGID4_CAT127-CAT237-CAT3126,HistoricAverage,17.857142857142858,3.026315789473685,20.883458646616543,1.0410958904109588,0.38617336585976103,Low-Low
182,CID0_SID1_PID717_MGID5_CAT116-CAT225-CAT3103,SimpleExponentialSmoothingOptimized,17.894526230043702,-0.4526021039798057,18.34712833402351,1.027027027027027,0.3153086533311772,Low-Low
183,CID0_SID1_PID719_MGID6_CAT110-CAT257-CAT3205,WindowAverage,16.785714285714285,1.0714285714285714,17.857142857142858,1.0,0.16281908245694254,Low-Low
184,CID0_SID1_PID738_MGID6_CAT14-CAT228-CAT381,RandomWalkWithDrift,18.23809523809524,-3.571428571428572,21.80952380952381,1.0133333333333334,0.2575160563717362,Low-Low
185,CID0_SID1_PID740_MGID2_CAT129-CAT276-CAT360,SeasonalExponentialSmoothingOptimized,41.348114152310856,-3.660118279010893,45.00823243132175,1.0,0.11734531201832032,Low-Low
186,CID0_SID1_PID74_MGID6_CAT121-CAT261-CAT316,HoltWinters,8.666673939415025,2.9807652078785885,11.647439147293614,1.0,0.1541014309254015,Low-Low
187,CID0_SID1_PID764_MGID5_CAT118-CAT280-CAT3111,WindowAverage,22.5,-0.3571428571428571,22.857142857142858,1.0133333333333334,0.2379621603657805,Low-Low
188,CID0_SID1_PID765_MGID5_CAT118-CAT280-CAT3112,lightgbm,16.665370963510902,0.3448704015189468,17.01024136502985,1.0,0.18138708832090833,Low-Low
189,CID0_SID1_PID768_MGID0_CAT15-CAT25-CAT36,SeasonalExponentialSmoothingOptimized,46.04064319155067,-4.336266775570465,50.376909967121136,1.1875,0.8368193257616732,Low-High
190,CID0_SID1_PID769_MGID6_CAT120-CAT268-CAT3176,HoltWinters,32.018586880418525,10.34559156192917,42.36417844234769,1.0,0.1276644723727689,Low-Low
191,CID0_SID1_PID76_MGID6_CAT18-CAT229-CAT3113,RandomWalkWithDrift,71.0,0.7142857142857143,71.71428571428571,1.0555555555555556,0.2461119349700665,Low-Low
192,CID0_SID1_PID775_MGID6_CAT14-CAT228-CAT3167,Theta,59.26555151333589,0.3312839890385776,59.59683550237447,1.0,0.15649054684206593,Low-Low
193,CID0_SID1_PID783_MGID5_CAT122-CAT281-CAT356,OptimizedTheta,42.57097952290589,-6.277992408614874,48.848971931520765,1.0410958904109588,0.3282181637368697,Low-Low
194,CID0_SID1_PID793_MGID3_CAT114-CAT240-CAT3146,chronos2,39.77202933175223,-5.101170131138393,44.87319946289063,1.1692307692307693,0.5936307037767157,Low-High
195,CID0_SID1_PID796_MGID6_CAT14-CAT228-CAT31,DynamicTheta,111.35465409014698,1.712452715148698,113.06710680529568,1.027027027027027,0.1567955745273326,Low-Low
196,CID0_SID1_PID79_MGID6_CAT14-CAT228-CAT310,lightgbm,10.752592875471018,-1.1841096804773394,11.936702555948358,1.0,0.34435237352625625,Low-Low
197,CID0_SID1_PID7_MGID2_CAT131-CAT279-CAT3228,HistoricAverage,11.428571428571429,0.9962406015037584,12.424812030075188,1.0555555555555556,0.24857925014877996,Low-Low
198,CID0_SID1_PID806_MGID6_CAT121-CAT264-CAT3184,WindowAverage,24.285714285714285,-2.857142857142857,27.142857142857142,1.1014492753623188,0.4378600823045268,Low-Low
199,CID0_SID1_PID810_MGID6_CAT14-CAT228-CAT3168,WindowAverage,47.142857142857146,2.142857142857143,49.28571428571429,1.0410958904109588,0.282601810790175,Low-Low
200,CID0_SID1_PID816_MGID4_CAT127-CAT20-CAT30,CrostonClassic,10.537066380827644,-1.6039879685450231,12.141054349372666,1.0,0.08783246113224091,Low-Low
201,CID0_SID1_PID822_MGID6_CAT120-CAT250-CAT3183,CrostonSBA,30.67594019651509,0.4458670898913287,31.12180728640642,1.0857142857142856,0.37275872135077603,Low-Low
202,CID0_SID1_PID829_MGID3_CAT111-CAT235-CAT371,chronos2,13.020542825971331,-3.832501956394741,16.853044782366073,1.0410958904109588,0.4001819941055478,Low-Low
203,CID0_SID1_PID830_MGID1_CAT17-CAT216-CAT344,CrostonClassic,26.42857142857144,-4.625413755209165,31.0539851837806,1.2666666666666666,1.673658972982644,Low-High
204,CID0_SID1_PID834_MGID0_CAT128-CAT272-CAT3154,RandomWalkWithDrift,116.95238095238096,-76.2857142857143,193.23809523809527,1.0410958904109588,0.26050244405410455,Low-Low
205,CID0_SID1_PID841_MGID2_CAT10-CAT213-CAT327,Naive,12.857142857142858,1.4285714285714286,14.285714285714286,1.0133333333333334,0.2547837560997681,Low-Low
206,CID0_SID1_PID843_MGID6_CAT14-CAT228-CAT3167,SeasonalExponentialSmoothingOptimized,26.08135381504448,-2.46783920599582,28.5491930210403,1.0133333333333334,0.12502009592899668,Low-Low
207,CID0_SID1_PID847_MGID6_CAT120-CAT250-CAT3229,Holt,15.072163553601351,-3.004629665819178,18.07679321942053,1.0,0.27891471036667614,Low-Low
208,CID0_SID1_PID858_MGID5_CAT115-CAT243-CAT311,Naive,10.714285714285714,-2.142857142857143,12.857142857142856,1.027027027027027,2.371932876581431,Low-High
209,CID0_SID1_PID90_MGID6_CAT14-CAT253-CAT377,WindowAverage,113.57142857142856,-15.357142857142858,128.92857142857142,1.1692307692307693,0.8244375836434904,Low-High
210,CID0_SID1_PID94_MGID6_CAT14-CAT228-CAT3216,WindowAverage,30.0,-11.428571428571429,41.42857142857143,1.0133333333333334,0.19319998458395968,Low-Low
211,CID0_SID1_PID99_MGID6_CAT18-CAT229-CAT3115,WindowAverage,33.57142857142857,-13.214285714285714,46.785714285714285,1.0133333333333334,0.2523763095057699,Low-Low
212,CID0_SID1_PID9_MGID2_CAT131-CAT279-CAT3232,SimpleExponentialSmoothingOptimized,19.427493183539266,-2.6390832852445567,22.06657646878382,1.027027027027027,0.19094983111111108,Low-Low
213,CID0_SID2_PID104_MGID6_CAT120-CAT250-CAT32,HoltWinters,54.63820730480289,0.8647721476746304,55.50297945247752,1.0,0.13475865687587057,Low-Low
214,CID0_SID2_PID115_MGID6_CAT110-CAT233-CAT3181,SeasonalExponentialSmoothingOptimized,19.4752965787653,-4.619005853392285,24.094302432157583,1.1176470588235294,0.528266655166666,Low-High
215,CID0_SID2_PID118_MGID6_CAT14-CAT228-CAT3180,SeasonalExponentialSmoothingOptimized,27.79538420794287,0.430361826140178,28.22574603408305,1.0133333333333334,0.21388164995689715,Low-Low
216,CID0_SID2_PID11_MGID5_CAT118-CAT280-CAT386,DynamicOptimizedTheta,12.142857142857142,-0.0588115745824698,12.201668717439611,1.0133333333333334,0.1923335047171021,Low-Low
217,CID0_SID2_PID122_MGID6_CAT120-CAT268-CAT3127,OptimizedTheta,82.41259288344945,-61.95276487452424,144.3653577579737,1.0,0.16264076055416424,Low-Low
218,CID0_SID2_PID127_MGID6_CAT120-CAT258-CAT3172,chronos2,26.71504810878209,-0.0697299412318638,26.78477805001395,1.0410958904109588,0.22279323396927905,Low-Low
219,CID0_SID2_PID129_MGID6_CAT110-CAT233-CAT3181,SeasonalExponentialSmoothingOptimized,34.87654915704686,-1.808011031766132,36.684560188813,1.3103448275862069,1.275422524106523,Low-High
220,CID0_SID2_PID12_MGID5_CAT118-CAT280-CAT386,WindowAverage,13.928571428571429,-6.071428571428571,20.0,1.0133333333333334,0.3044229369451241,Low-Low
221,CID0_SID2_PID135_MGID6_CAT14-CAT228-CAT3167,Theta,13.50357142857143,0.0424733183610785,13.546044746932507,1.0,0.23096581117395373,Low-Low
222,CID0_SID2_PID136_MGID6_CAT14-CAT228-CAT3161,WindowAverage,8.571428571428571,-1.4285714285714286,10.0,1.0555555555555556,0.2701644070086933,Low-Low
223,CID0_SID2_PID140_MGID6_CAT14-CAT228-CAT310,Holt,19.07533532715331,-0.7531145799651462,19.828449907118458,1.0410958904109588,0.2540828402366865,Low-Low
224,CID0_SID2_PID145_MGID5_CAT118-CAT280-CAT3110,CrostonSBA,11.26037851940758,-0.2315323249306123,11.491910844338191,1.0,0.18543534760492064,Low-Low
225,CID0_SID2_PID150_MGID6_CAT18-CAT229-CAT3116,SeasonalExponentialSmoothingOptimized,26.55319553651263,-16.47523342757108,43.02842896408371,1.027027027027027,0.28429157705182717,Low-Low
226,CID0_SID2_PID16_MGID6_CAT18-CAT229-CAT3113,Holt,11.254634692163489,3.7738595658595,15.028494258022986,1.027027027027027,0.2559409208247559,Low-Low
227,CID0_SID2_PID181_MGID5_CAT118-CAT280-CAT3112,SimpleExponentialSmoothingOptimized,22.3117987648,0.4683056393143029,22.7801044041143,1.0133333333333334,0.23123283349035975,Low-Low
228,CID0_SID2_PID193_MGID6_CAT18-CAT229-CAT3114,CrostonSBA,23.57452155247673,-1.0606031377600138,24.635124690236747,1.0133333333333334,0.1141934805134538,Low-Low
229,CID0_SID2_PID194_MGID5_CAT118-CAT280-CAT3109,Holt,35.469611585882284,-0.8410324581480749,36.31064404403036,1.0410958904109588,0.359576401622178,Low-Low
230,CID0_SID2_PID19_MGID6_CAT14-CAT228-CAT381,HistoricAverage,41.8421052631579,-2.124060150375941,43.96616541353384,1.0133333333333334,0.14643393024311502,Low-Low
231,CID0_SID2_PID200_MGID6_CAT18-CAT229-CAT3113,HistoricAverage,16.842105263157894,-1.3909774436090256,18.23308270676692,1.0555555555555556,0.2834460489412797,Low-Low
232,CID0_SID2_PID201_MGID6_CAT18-CAT229-CAT3113,OptimizedTheta,23.68084860158425,0.2982575477132556,23.979106149297504,1.0,0.16340810207475953,Low-Low
233,CID0_SID2_PID207_MGID6_CAT14-CAT228-CAT3179,HoltWinters,37.40488270048122,1.4252022126610078,38.83008491314222,1.0133333333333334,0.1453144722873225,Low-Low
234,CID0_SID2_PID212_MGID6_CAT120-CAT250-CAT3229,OptimizedTheta,21.519799349292665,0.4724272650995585,21.992226614392223,1.0133333333333334,0.1641292168460166,Low-Low
235,CID0_SID2_PID213_MGID6_CAT14-CAT228-CAT381,DynamicOptimizedTheta,15.010182782094304,0.0119030980743468,15.022085880168651,1.0133333333333334,0.38912518639733584,Low-Low
236,CID0_SID2_PID215_MGID6_CAT14-CAT228-CAT3149,SimpleExponentialSmoothingOptimized,49.556278047661486,-1.677482237798147,51.23376028545963,1.0,0.09361045498467357,Low-Low
237,CID0_SID2_PID216_MGID6_CAT121-CAT264-CAT3123,CrostonSBA,27.857142857142858,0.4875910203018817,28.34473387744474,1.027027027027027,0.15248960016257684,Low-Low
238,CID0_SID2_PID21_MGID6_CAT14-CAT228-CAT381,CrostonClassic,28.391283706826723,1.7019355975350428,30.093219304361767,1.0133333333333334,0.20183170875009732,Low-Low
239,CID0_SID2_PID220_MGID6_CAT18-CAT229-CAT3113,Holt,9.999781889175608,-1.0937263417592848,11.093508230934892,1.027027027027027,0.2199607665610383,Low-Low
240,CID0_SID2_PID223_MGID6_CAT120-CAT258-CAT3172,HistoricAverage,31.80451127819549,7.368421052631589,39.17293233082708,1.0,0.15521872080966823,Low-Low
241,CID0_SID2_PID23_MGID6_CAT14-CAT253-CAT358,RandomWalkWithDrift,36.285714285714285,-19.71428571428572,56.0,1.0,0.29787316140839604,Low-Low
242,CID0_SID2_PID240_MGID6_CAT14-CAT228-CAT3180,Holt,52.61575447493538,-34.65429072507295,87.27004520000833,1.0133333333333334,0.15596955017301045,Low-Low
243,CID0_SID2_PID250_MGID5_CAT116-CAT227-CAT397,RandomWalkWithDrift,14.333333333333334,-0.7142857142857137,15.047619047619047,1.0,0.21267308405774435,Low-Low
244,CID0_SID2_PID26_MGID6_CAT14-CAT253-CAT3156,CrostonClassic,17.349536384777,-2.1519487752909305,19.50148516006793,1.0133333333333334,0.24522453707334116,Low-Low
245,CID0_SID2_PID27_MGID6_CAT14-CAT228-CAT310,DynamicOptimizedTheta,10.771452085017968,-1.114450309411487,11.885902394429454,1.0410958904109588,0.6557574476112293,Low-High
246,CID0_SID2_PID290_MGID5_CAT116-CAT225-CAT3105,Naive,36.71428571428572,-0.1428571428571428,36.85714285714286,1.0,0.11992923071855355,Low-Low
247,CID0_SID2_PID291_MGID5_CAT116-CAT227-CAT398,HoltWinters,21.71842462805137,1.4507702310575417,23.16919485910892,1.0,0.19542553891483985,Low-Low
248,CID0_SID2_PID292_MGID5_CAT116-CAT227-CAT3104,chronos2,35.43684714181082,27.313066755022323,62.74991389683315,1.0,0.10980231226936639,Low-Low
249,CID0_SID2_PID300_MGID6_CAT120-CAT250-CAT324,RandomWalkWithDrift,148.17142857142855,-45.14285714285715,193.3142857142857,1.0133333333333334,0.16549840824533388,Low-Low
250,CID0_SID2_PID321_MGID5_CAT118-CAT280-CAT3109,HistoricAverage,15.714285714285714,2.5357142857142856,18.25,1.0704225352112675,0.28575903854642787,Low-Low
251,CID0_SID2_PID345_MGID5_CAT116-CAT226-CAT396,SeasonalExponentialSmoothingOptimized,17.287960563484358,-0.3600267209296827,17.64798728441404,1.0,0.1740011580471672,Low-Low
252,CID0_SID2_PID363_MGID6_CAT14-CAT253-CAT377,CrostonSBA,35.30757760323721,4.647950182758821,39.95552778599603,1.0704225352112675,0.252975460659524,Low-Low
253,CID0_SID2_PID379_MGID2_CAT129-CAT276-CAT3231,SeasonalNaive,25.714285714285715,5.714285714285714,31.42857142857143,1.0857142857142856,0.5817600517562717,Low-High
254,CID0_SID2_PID41_MGID6_CAT14-CAT253-CAT377,HistoricAverage,48.796992481203006,-34.14473684210526,82.94172932330827,1.1875,0.7770893814098333,Low-High
255,CID0_SID2_PID422_MGID5_CAT116-CAT225-CAT3101,WindowAverage,21.071428571428573,-1.0714285714285714,22.142857142857142,1.0,0.9453605096038615,Low-High
256,CID0_SID2_PID452_MGID2_CAT129-CAT276-CAT360,WindowAverage,20.714285714285715,-0.3571428571428571,21.071428571428573,1.0555555555555556,0.2961812530967075,Low-Low
257,CID0_SID2_PID473_MGID1_CAT17-CAT217-CAT346,HoltWinters,14.93687337676925,2.5308285490074303,17.46770192577668,1.027027027027027,0.2252583490863265,Low-Low
258,CID0_SID2_PID486_MGID6_CAT120-CAT268-CAT363,CrostonSBA,35.6224176097496,27.89274734840929,63.51516495815889,1.0,0.1715574492957842,Low-Low
259,CID0_SID2_PID496_MGID5_CAT116-CAT225-CAT3101,Holt,19.795832132959585,-5.562539923050094,25.35837205600968,1.0,0.16972525328384058,Low-Low
260,CID0_SID2_PID4_MGID2_CAT129-CAT278-CAT382,Naive,83.57142857142857,0.7142857142857143,84.28571428571428,1.0,0.6782498151252919,Low-High
261,CID0_SID2_PID500_MGID6_CAT14-CAT228-CAT3179,chronos2,14.71936525617327,-1.6552848815917969,16.374650137765066,1.0,0.5977393310265281,Low-High
262,CID0_SID2_PID549_MGID2_CAT131-CAT279-CAT3230,CrostonClassic,32.82539421726811,0.4682630967044576,33.29365731397257,1.027027027027027,0.20857982766304378,Low-Low
263,CID0_SID2_PID554_MGID6_CAT14-CAT228-CAT3168,Naive,27.857142857142858,3.571428571428572,31.42857142857143,1.0410958904109588,0.21581636945587565,Low-Low
264,CID0_SID2_PID556_MGID5_CAT116-CAT225-CAT394,OptimizedTheta,12.2799582954029,2.912335509727456,15.192293805130356,1.027027027027027,0.5242784640428996,Low-High
265,CID0_SID2_PID567_MGID6_CAT120-CAT250-CAT359,HoltWinters,19.024203816244192,-0.966220178331302,19.99042399457549,1.0133333333333334,0.2063896583564174,Low-Low
266,CID0_SID2_PID578_MGID6_CAT14-CAT253-CAT358,CrostonSBA,27.50785376738525,1.7307379140175894,29.23859168140284,1.0133333333333334,0.16527432468993414,Low-Low
267,CID0_SID2_PID580_MGID2_CAT129-CAT276-CAT360,DynamicOptimizedTheta,73.75209396180672,10.989471723466377,84.7415656852731,1.0,0.12866929822729353,Low-Low
268,CID0_SID2_PID58_MGID5_CAT115-CAT242-CAT389,CrostonSBA,18.20046337231062,-0.04837819691285,18.24884156922347,1.027027027027027,0.2532986974118287,Low-Low
269,CID0_SID2_PID600_MGID2_CAT129-CAT278-CAT3157,WindowAverage,77.14285714285714,-65.71428571428571,142.85714285714283,1.0,0.11742395833333331,Low-Low
270,CID0_SID2_PID633_MGID5_CAT116-CAT225-CAT3105,CrostonSBA,12.98749193726111,8.399385948847348,21.38687788610845,1.0133333333333334,0.17822968240550663,Low-Low
271,CID0_SID2_PID634_MGID5_CAT116-CAT225-CAT399,WindowAverage,8.214285714285714,-3.928571428571429,12.142857142857142,1.0,0.1716083412518484,Low-Low
272,CID0_SID2_PID635_MGID5_CAT116-CAT227-CAT3104,WindowAverage,15.0,0.0,15.0,1.0133333333333334,0.3069294749036346,Low-Low
273,CID0_SID2_PID638_MGID5_CAT116-CAT225-CAT394,Holt,18.36576576022726,2.2808146193880314,20.64658037961529,1.0133333333333334,0.20903489330561215,Low-Low
274,CID0_SID2_PID644_MGID4_CAT123-CAT210-CAT317,CrostonClassic,24.088308774036697,0.380509280557009,24.468818054593708,1.0133333333333334,0.37374009471640224,Low-Low
275,CID0_SID2_PID645_MGID6_CAT124-CAT269-CAT3139,WindowAverage,42.0,-8.0,50.0,1.0133333333333334,0.9029339152603421,Low-High
276,CID0_SID2_PID650_MGID6_CAT110-CAT233-CAT3160,CrostonClassic,21.428571428571423,0.0934907079329333,21.52206213650436,1.1875,0.49135157854855216,Low-High
277,CID0_SID2_PID670_MGID2_CAT131-CAT279-CAT3227,HoltWinters,20.128835273316124,0.635264549762954,20.76409982307908,1.0,0.15441621546577822,Low-Low
278,CID0_SID2_PID686_MGID2_CAT10-CAT221-CAT3221,chronos2,11.988862446376256,1.949472972324916,13.938335418701172,1.027027027027027,0.3462660521962538,Low-Low
279,CID0_SID2_PID691_MGID6_CAT121-CAT264-CAT319,WindowAverage,120.0,-12.857142857142858,132.85714285714286,1.0,0.10621241365220954,Low-Low
280,CID0_SID2_PID6_MGID6_CAT120-CAT250-CAT3170,HoltWinters,36.86519969485119,-1.7428289988349153,38.6080286936861,1.0,0.23566834324035982,Low-Low
281,CID0_SID2_PID70_MGID6_CAT14-CAT228-CAT381,chronos2,85.5773446219308,-5.505000523158482,91.08234514508928,1.0,0.12412841401718615,Low-Low
282,CID0_SID2_PID715_MGID6_CAT110-CAT238-CAT3190,CrostonClassic,34.68060358084632,-2.189316038466447,36.86991961931277,1.0410958904109588,0.29375315005818,Low-Low
283,CID0_SID2_PID719_MGID6_CAT110-CAT257-CAT3205,WindowAverage,17.357142857142858,0.2142857142857142,17.571428571428573,1.0,0.13300867298853516,Low-Low
284,CID0_SID2_PID728_MGID6_CAT120-CAT258-CAT374,Holt,21.46753176368835,-5.435068041454154,26.902599805142504,1.0,0.25466849565615013,Low-Low
285,CID0_SID2_PID76_MGID6_CAT18-CAT229-CAT3113,Holt,43.54310996780045,-3.3986330273782235,46.94174299517867,1.027027027027027,0.13153549189047054,Low-Low
286,CID0_SID2_PID774_MGID6_CAT14-CAT253-CAT377,Naive,36.42857142857143,3.571428571428572,40.0,1.0704225352112675,0.32277395558669764,Low-Low
287,CID0_SID2_PID775_MGID6_CAT14-CAT228-CAT3167,HistoricAverage,64.4360902255639,2.4812030075187983,66.9172932330827,1.0,0.08089451014206295,Low-Low
288,CID0_SID2_PID77_MGID6_CAT18-CAT229-CAT3113,chronos2,24.279197147914346,0.2114731924874442,24.490670340401785,1.027027027027027,0.25020156079891764,Low-Low
289,CID0_SID2_PID783_MGID5_CAT122-CAT281-CAT356,WindowAverage,38.92857142857143,0.3571428571428571,39.285714285714285,1.027027027027027,0.20726504282059827,Low-Low
290,CID0_SID2_PID802_MGID0_CAT15-CAT27-CAT366,HistoricAverage,66.74812030075189,-12.951127819548883,79.69924812030078,1.1515151515151516,0.9831995273154898,Low-High
291,CID0_SID2_PID829_MGID3_CAT111-CAT235-CAT371,Naive,21.428571428571427,8.571428571428571,30.0,1.0555555555555556,0.31338283705603315,Low-Low
292,CID0_SID2_PID834_MGID0_CAT128-CAT272-CAT3154,Holt,54.711867319381966,-37.956205148918585,92.66807246830056,1.0410958904109588,0.287243384359796,Low-Low
293,CID0_SID2_PID843_MGID6_CAT14-CAT228-CAT3167,lightgbm,16.72842873599509,-2.229648804294808,18.9580775402899,1.1176470588235294,0.308266069392358,Low-Low
294,CID0_SID2_PID93_MGID6_CAT121-CAT261-CAT3223,Theta,16.598306805975977,-0.042550410171021,16.640857216146998,1.0,0.13540114747481877,Low-Low
295,CID0_SID8_PID411_MGID0_CAT128-CAT272-CAT3218,Holt,39.34180909139396,-0.4776973866143724,39.819506478008336,1.3103448275862069,0.9827265306122449,Low-High
296,CID0_SID8_PID90_MGID6_CAT14-CAT253-CAT377,SeasonalExponentialSmoothingOptimized,45.79869826459655,12.41364429640701,58.21234256100355,1.6170212765957446,1.669801631812169,High-High
