id,mean,std,T,N,ADI,CV2
CID0_SID0_PID104_MGID6_CAT120-CAT250-CAT32,191.97368421052633,85.24505439171008,76,76,1.0,0.1971764236476327
CID0_SID0_PID117_MGID6_CAT14-CAT228-CAT31,488.42105263157896,172.04691322682078,76,76,1.0,0.12408092424692828
CID0_SID0_PID118_MGID6_CAT14-CAT228-CAT3180,195.39473684210526,95.11313669483215,76,76,1.0,0.23694922135685326
CID0_SID0_PID122_MGID6_CAT120-CAT268-CAT3127,103.51315789473684,52.27478510615549,76,76,1.0,0.2550312482584942
CID0_SID0_PID127_MGID6_CAT120-CAT258-CAT3172,61.973684210526315,28.048516863563638,76,75,1.0133333333333334,0.20483547525780468
CID0_SID0_PID129_MGID6_CAT110-CAT233-CAT3181,82.76315789473684,94.75017937306541,76,54,1.4074074074074074,1.3106477168274608
CID0_SID0_PID136_MGID6_CAT14-CAT228-CAT3161,38.55263157894737,20.17945802829673,76,73,1.0410958904109588,0.2739750026208807
CID0_SID0_PID166_MGID6_CAT120-CAT250-CAT359,166.57894736842104,76.11487163630068,76,76,1.0,0.2087847682367124
CID0_SID0_PID18_MGID6_CAT14-CAT228-CAT3142,37.078947368421055,25.25484146740699,76,73,1.0410958904109588,0.46391081833419723
CID0_SID0_PID190_MGID6_CAT14-CAT228-CAT3131,127.76315789473684,50.61221681795879,76,74,1.027027027027027,0.15692764032677128
CID0_SID0_PID193_MGID6_CAT18-CAT229-CAT3114,59.60526315789474,28.818549094807405,76,73,1.0410958904109588,0.2337625867611395
CID0_SID0_PID194_MGID5_CAT118-CAT280-CAT3109,39.44736842105263,23.407915890052866,76,74,1.027027027027027,0.3521189710195946
CID0_SID0_PID19_MGID6_CAT14-CAT228-CAT381,106.05263157894737,52.86659808406869,76,74,1.027027027027027,0.2484962450767301
CID0_SID0_PID201_MGID6_CAT18-CAT229-CAT3113,67.6842105263158,37.020790744775034,76,70,1.0857142857142856,0.2991690389866705
CID0_SID0_PID207_MGID6_CAT14-CAT228-CAT3179,92.55263157894737,45.19303625909404,76,75,1.0133333333333334,0.23843252429464612
CID0_SID0_PID214_MGID6_CAT18-CAT28-CAT39,53.421052631578945,25.178966437826496,76,76,1.0,0.22215235183252854
CID0_SID0_PID215_MGID6_CAT14-CAT228-CAT3149,268.2894736842105,118.53987411156619,76,76,1.0,0.19521880787453225
CID0_SID0_PID21_MGID6_CAT14-CAT228-CAT381,70.0,37.66519171153476,76,75,1.0133333333333334,0.28952380952380957
CID0_SID0_PID223_MGID6_CAT120-CAT258-CAT3172,140.78947368421052,51.374783902734144,76,76,1.0,0.13315566425015282
CID0_SID0_PID23_MGID6_CAT14-CAT253-CAT358,58.18421052631579,39.80476036064558,76,72,1.0555555555555556,0.4680149599439178
CID0_SID0_PID253_MGID6_CAT110-CAT233-CAT383,47.68421052631579,22.90572593701747,76,76,1.0,0.23074852142612345
CID0_SID0_PID259_MGID6_CAT121-CAT264-CAT3123,51.44736842105263,29.335027861741032,76,71,1.0704225352112675,0.32512224104586784
CID0_SID0_PID26_MGID6_CAT14-CAT253-CAT3156,75.15789473684211,29.595068342131576,76,75,1.0133333333333334,0.1550563231828679
CID0_SID0_PID291_MGID5_CAT116-CAT227-CAT398,79.53947368421052,35.27546485948317,76,75,1.0133333333333334,0.19668899684678132
CID0_SID0_PID296_MGID5_CAT116-CAT225-CAT3103,115.11842105263158,41.51785707548441,76,76,1.0,0.13007091954530992
CID0_SID0_PID300_MGID6_CAT120-CAT250-CAT324,364.5,159.16452703622957,76,73,1.0410958904109588,0.1906766445695131
CID0_SID0_PID310_MGID5_CAT116-CAT225-CAT3105,121.21052631578948,46.152303168090086,76,76,1.0,0.14497932837827804
CID0_SID0_PID345_MGID5_CAT116-CAT226-CAT396,47.75,27.424137786507227,76,74,1.027027027027027,0.32985206911360265
CID0_SID0_PID370_MGID6_CAT124-CAT266-CAT3199,69.73684210526316,29.976599060401593,76,76,1.0,0.18477370357185222
CID0_SID0_PID379_MGID2_CAT129-CAT276-CAT3231,41.44736842105263,34.203467557872784,76,70,1.0857142857142856,0.6809988074242043
CID0_SID0_PID38_MGID0_CAT15-CAT26-CAT365,43.68421052631579,83.16797629317281,76,60,1.2666666666666666,3.6246266995693626
CID0_SID0_PID411_MGID0_CAT128-CAT272-CAT3218,33.81578947368421,36.440530741219376,76,57,1.3333333333333333,1.1612622951647007
CID0_SID0_PID419_MGID6_CAT124-CAT251-CAT3153,47.46052631578947,29.67667581989766,76,76,1.0,0.3909897795738385
CID0_SID0_PID41_MGID6_CAT14-CAT253-CAT377,80.5,66.74778398319053,76,63,1.2063492063492063,0.6875146277792781
CID0_SID0_PID439_MGID6_CAT121-CAT261-CAT316,41.18421052631579,48.633790866383094,76,62,1.2258064516129032,1.394487916245615
CID0_SID0_PID486_MGID6_CAT120-CAT268-CAT363,236.05263157894737,99.27844945563864,76,76,1.0,0.17688551830765015
CID0_SID0_PID489_MGID6_CAT121-CAT264-CAT3123,68.02631578947368,38.40207413989008,76,74,1.027027027027027,0.31868047943112776
CID0_SID0_PID496_MGID5_CAT116-CAT225-CAT3101,64.30263157894737,27.856786001184517,76,76,1.0,0.18767417798162353
CID0_SID0_PID4_MGID2_CAT129-CAT278-CAT382,301.8421052631579,263.28038552749956,76,75,1.0133333333333334,0.7608120244439397
CID0_SID0_PID500_MGID6_CAT14-CAT228-CAT3179,69.60526315789474,43.89201262108887,76,76,1.0,0.3976370391281715
CID0_SID0_PID548_MGID3_CAT111-CAT262-CAT3182,56.25,30.38689410475071,76,75,1.0133333333333334,0.29182841152263383
CID0_SID0_PID554_MGID6_CAT14-CAT228-CAT3168,56.63157894736842,35.00736764559261,76,71,1.0704225352112675,0.3821215848316082
CID0_SID0_PID567_MGID6_CAT120-CAT250-CAT359,115.13157894736842,38.13986264798312,76,76,1.0,0.1097411047619048
CID0_SID0_PID578_MGID6_CAT14-CAT253-CAT358,62.60526315789474,27.482881434264215,76,76,1.0,0.1927093726734022
CID0_SID0_PID580_MGID2_CAT129-CAT276-CAT360,171.8421052631579,66.20595192409394,76,76,1.0,0.14843451553164527
CID0_SID0_PID596_MGID2_CAT129-CAT276-CAT360,121.3157894736842,71.46732783145332,76,76,1.0,0.3470407159763036
CID0_SID0_PID600_MGID2_CAT129-CAT278-CAT3157,56.578947368421055,21.32620494940109,76,75,1.0133333333333334,0.14207492338200828
CID0_SID0_PID631_MGID5_CAT116-CAT225-CAT3103,72.88157894736842,29.233755423146558,76,76,1.0,0.16089171193235818
CID0_SID0_PID633_MGID5_CAT116-CAT225-CAT3105,42.5,21.486429825977766,76,75,1.0133333333333334,0.25559400230680523
CID0_SID0_PID635_MGID5_CAT116-CAT227-CAT3104,44.18421052631579,30.381007455894018,76,74,1.027027027027027,0.472792026319116
CID0_SID0_PID638_MGID5_CAT116-CAT225-CAT394,56.5,31.821795465791478,76,72,1.0555555555555556,0.3172140861983451
CID0_SID0_PID644_MGID4_CAT123-CAT210-CAT317,73.28947368421052,49.352829243985234,76,74,1.027027027027027,0.453462004175141
CID0_SID0_PID672_MGID6_CAT110-CAT238-CAT3173,37.06578947368421,19.736487716116585,76,76,1.0,0.28352621999728034
CID0_SID0_PID686_MGID2_CAT10-CAT221-CAT3221,42.36842105263158,19.174178543213202,76,74,1.027027027027027,0.20480897084731808
CID0_SID0_PID691_MGID6_CAT121-CAT264-CAT319,410.6578947368421,140.8103739200659,76,76,1.0,0.11757336572271444
CID0_SID0_PID699_MGID2_CAT130-CAT275-CAT3191,61.8421052631579,32.11273999794223,76,74,1.027027027027027,0.2696411649313415
CID0_SID0_PID6_MGID6_CAT120-CAT250-CAT3170,75.52631578947368,44.223515218101035,76,74,1.027027027027027,0.34285455288599676
CID0_SID0_PID70_MGID6_CAT14-CAT228-CAT381,427.36842105263156,172.99994929519585,76,75,1.0133333333333334,0.16386533686007093
CID0_SID0_PID712_MGID6_CAT124-CAT266-CAT3199,178.55263157894737,82.29546682320431,76,74,1.027027027027027,0.21243169554700303
CID0_SID0_PID719_MGID6_CAT110-CAT257-CAT3205,44.39473684210526,19.863587421791614,76,75,1.0133333333333334,0.20019461912620984
CID0_SID0_PID72_MGID3_CAT125-CAT271-CAT3213,48.828947368421055,25.397841460982328,76,75,1.0133333333333334,0.27054461353010073
CID0_SID0_PID740_MGID2_CAT129-CAT276-CAT360,72.10526315789474,26.997075865048018,76,75,1.0133333333333334,0.1401843465288508
CID0_SID0_PID764_MGID5_CAT118-CAT280-CAT3111,47.89473684210526,27.776046729688233,76,72,1.0555555555555556,0.33632975083524524
CID0_SID0_PID769_MGID6_CAT120-CAT268-CAT3176,105.39473684210526,44.55530763664964,76,76,1.0,0.17871501654974548
CID0_SID0_PID76_MGID6_CAT18-CAT229-CAT3113,119.21052631578948,60.8333934150148,76,73,1.0410958904109588,0.26040833166836413
CID0_SID0_PID775_MGID6_CAT14-CAT228-CAT3167,155.6578947368421,57.55775131849842,76,76,1.0,0.13673047805306082
CID0_SID0_PID783_MGID5_CAT122-CAT281-CAT356,64.60526315789474,32.96223250827868,76,74,1.027027027027027,0.2603139470413124
CID0_SID0_PID796_MGID6_CAT14-CAT228-CAT31,97.76315789473684,46.23414854010043,76,74,1.027027027027027,0.22365328681572352
CID0_SID0_PID806_MGID6_CAT121-CAT264-CAT3184,39.86842105263158,27.251589362953087,76,69,1.1014492753623188,0.46722449142604044
CID0_SID0_PID810_MGID6_CAT14-CAT228-CAT3168,79.53947368421052,45.768822223422994,76,73,1.0410958904109588,0.3311113345980873
CID0_SID0_PID834_MGID0_CAT128-CAT272-CAT3154,108.15789473684211,62.41176227423352,76,72,1.0555555555555556,0.3329786902358695
CID0_SID0_PID843_MGID6_CAT14-CAT228-CAT3167,48.06578947368421,24.913897340676243,76,75,1.0133333333333334,0.26866505465572404
CID0_SID0_PID90_MGID6_CAT14-CAT253-CAT377,123.10526315789474,101.15724774789904,76,65,1.1692307692307693,0.6752129571358582
CID0_SID0_PID93_MGID6_CAT121-CAT261-CAT3223,59.96052631578947,22.71823983174382,76,76,1.0,0.14355505416505404
CID0_SID12_PID129_MGID6_CAT110-CAT233-CAT3181,44.473684210526315,51.44303611677952,76,51,1.4901960784313726,1.3379718263832971
CID0_SID12_PID41_MGID6_CAT14-CAT253-CAT377,40.39473684210526,51.59950360158346,76,45,1.6888888888888889,1.631704385899762
CID0_SID12_PID768_MGID0_CAT15-CAT25-CAT36,42.23684210526316,62.83520635674509,76,38,2.0,2.213212992886328
CID0_SID18_PID362_MGID1_CAT17-CAT217-CAT351,25.657894736842106,34.69238249974729,76,48,1.5833333333333333,1.8282105632259478
CID0_SID18_PID536_MGID0_CAT15-CAT26-CAT365,35.6578947368421,60.82401995518523,76,54,1.4074074074074074,2.9096372144533245
CID0_SID18_PID830_MGID1_CAT17-CAT216-CAT344,50.0,59.866518188383054,76,56,1.3571428571428572,1.4335999999999998
CID0_SID19_PID768_MGID0_CAT15-CAT25-CAT36,42.89473684210526,53.983103269416546,76,52,1.4615384615384615,1.5838267655287495
CID0_SID1_PID104_MGID6_CAT120-CAT250-CAT32,296.05263157894734,139.14097357110808,76,76,1.0,0.22088805135802483
CID0_SID1_PID108_MGID6_CAT18-CAT229-CAT3113,63.26315789473684,34.21787775264177,76,72,1.0555555555555556,0.2925528999089149
CID0_SID1_PID110_MGID2_CAT131-CAT279-CAT3121,72.63157894736842,26.60167518798426,76,75,1.0133333333333334,0.13414268711055097
CID0_SID1_PID114_MGID6_CAT110-CAT233-CAT372,252.89473684210526,123.9657564488267,76,71,1.0704225352112675,0.24028346585152538
CID0_SID1_PID117_MGID6_CAT14-CAT228-CAT31,665.0,257.7362993448925,76,76,1.0,0.15021312680196738
CID0_SID1_PID118_MGID6_CAT14-CAT228-CAT3180,284.86842105263156,116.51029620942099,76,76,1.0,0.1672784501135178
CID0_SID1_PID121_MGID2_CAT130-CAT274-CAT3195,43.28947368421053,36.12526937919354,76,75,1.0133333333333334,0.6963980993030984
CID0_SID1_PID122_MGID6_CAT120-CAT268-CAT3127,192.46052631578948,96.11721188763555,76,76,1.0,0.24941294526139426
CID0_SID1_PID127_MGID6_CAT120-CAT258-CAT3172,102.36842105263158,44.177473024235084,76,76,1.0,0.186238614160185
CID0_SID1_PID133_MGID2_CAT131-CAT277-CAT373,31.18421052631579,26.023943091604846,76,70,1.0857142857142856,0.6964287537016264
CID0_SID1_PID136_MGID6_CAT14-CAT228-CAT3161,52.23684210526316,25.799156792966514,76,75,1.0133333333333334,0.24392549494846955
CID0_SID1_PID138_MGID4_CAT127-CAT237-CAT3126,70.0,31.19829055146024,76,76,1.0,0.1986394557823129
CID0_SID1_PID140_MGID6_CAT14-CAT228-CAT310,66.1842105263158,34.2915774017725,76,75,1.0133333333333334,0.26845168880685394
CID0_SID1_PID151_MGID2_CAT131-CAT279-CAT3158,42.10526315789474,16.19183246567513,76,74,1.027027027027027,0.14788333333333328
CID0_SID1_PID166_MGID6_CAT120-CAT250-CAT359,253.02631578947367,109.50823088507525,76,76,1.0,0.18731050812495323
CID0_SID1_PID16_MGID6_CAT18-CAT229-CAT3113,52.11842105263158,27.75270178091407,76,70,1.0857142857142856,0.2835489462467762
CID0_SID1_PID17_MGID6_CAT120-CAT258-CAT3172,64.86842105263158,25.638170556295236,76,76,1.0,0.15620948862163592
CID0_SID1_PID18_MGID6_CAT14-CAT228-CAT3142,58.3421052631579,37.40287070322417,76,74,1.027027027027027,0.4110036501882263
CID0_SID1_PID190_MGID6_CAT14-CAT228-CAT3131,160.52631578947367,59.01174429647272,76,74,1.027027027027027,0.13514015945534355
CID0_SID1_PID194_MGID5_CAT118-CAT280-CAT3109,60.55263157894737,39.64455229052019,76,75,1.0133333333333334,0.4286481870871856
CID0_SID1_PID19_MGID6_CAT14-CAT228-CAT381,203.02631578947367,89.74065948561042,76,75,1.0133333333333334,0.19537718407733265
CID0_SID1_PID200_MGID6_CAT18-CAT229-CAT3113,41.973684210526315,23.21032740496381,76,70,1.0857142857142856,0.3057794898504011
CID0_SID1_PID201_MGID6_CAT18-CAT229-CAT3113,124.86842105263158,60.03317796136026,76,75,1.0133333333333334,0.23114123420545468
CID0_SID1_PID207_MGID6_CAT14-CAT228-CAT3179,114.14473684210526,52.27101273105223,76,75,1.0133333333333334,0.20970560893842377
CID0_SID1_PID213_MGID6_CAT14-CAT228-CAT381,52.86842105263158,28.90413677671446,76,72,1.0555555555555556,0.2989009718420747
CID0_SID1_PID214_MGID6_CAT18-CAT28-CAT39,87.10526315789474,42.200024943868904,76,76,1.0,0.23471271711649216
CID0_SID1_PID215_MGID6_CAT14-CAT228-CAT3149,411.9736842105263,180.14823331054978,76,76,1.0,0.19121460652674513
CID0_SID1_PID216_MGID6_CAT121-CAT264-CAT3123,54.3421052631579,30.214147958234825,76,75,1.0133333333333334,0.30913471967356326
CID0_SID1_PID219_MGID6_CAT18-CAT229-CAT3114,64.73684210526316,32.59749210028388,76,71,1.0704225352112675,0.2535510168109811
CID0_SID1_PID220_MGID6_CAT18-CAT229-CAT3113,52.76315789473684,27.597037725597836,76,74,1.027027027027027,0.2735667895929337
CID0_SID1_PID23_MGID6_CAT14-CAT253-CAT358,90.80263157894737,51.526826601772434,76,75,1.0133333333333334,0.322010417718093
CID0_SID1_PID247_MGID5_CAT116-CAT225-CAT394,35.30263157894737,18.4997439527089,76,75,1.0133333333333334,0.27461058563818047
CID0_SID1_PID249_MGID5_CAT116-CAT225-CAT3103,51.921052631578945,20.696384971226088,76,76,1.0,0.1588919923957375
CID0_SID1_PID250_MGID5_CAT116-CAT227-CAT397,84.72368421052632,39.61232087258055,76,76,1.0,0.21860037921996897
CID0_SID1_PID258_MGID2_CAT131-CAT279-CAT3121,51.05263157894737,25.117268820125652,76,74,1.027027027027027,0.24205193608955966
CID0_SID1_PID259_MGID6_CAT121-CAT264-CAT3123,72.63157894736842,34.616698130724195,76,70,1.0857142857142856,0.22715395925225787
CID0_SID1_PID26_MGID6_CAT14-CAT253-CAT3156,101.28947368421052,38.24789869242446,76,75,1.0133333333333334,0.14258916696439816
CID0_SID1_PID27_MGID6_CAT14-CAT228-CAT310,55.78947368421053,40.14185373214136,76,73,1.0410958904109588,0.5177144891420432
CID0_SID1_PID285_MGID6_CAT124-CAT251-CAT3203,41.76315789473684,23.47246240231455,76,73,1.0410958904109588,0.31588619304586585
CID0_SID1_PID290_MGID5_CAT116-CAT225-CAT3105,159.3421052631579,59.1462712561728,76,75,1.0133333333333334,0.13778236647594325
CID0_SID1_PID291_MGID5_CAT116-CAT227-CAT398,125.27631578947368,46.38235258779945,76,76,1.0,0.13707794976915516
CID0_SID1_PID292_MGID5_CAT116-CAT227-CAT3104,280.32894736842104,99.25823400375336,76,76,1.0,0.12537103046037937
CID0_SID1_PID293_MGID5_CAT116-CAT227-CAT3100,58.5,27.940174182229665,76,76,1.0,0.22811113546156275
CID0_SID1_PID295_MGID5_CAT116-CAT225-CAT3106,41.14473684210526,17.794908595714244,76,74,1.027027027027027,0.18705225372529524
CID0_SID1_PID296_MGID5_CAT116-CAT225-CAT3103,154.6184210526316,61.89711185621145,76,75,1.0133333333333334,0.16025747741559024
CID0_SID1_PID300_MGID6_CAT120-CAT250-CAT324,711.0394736842105,274.3489962700538,76,76,1.0,0.1488741614703775
CID0_SID1_PID304_MGID2_CAT131-CAT279-CAT3227,42.89473684210526,21.46723329316468,76,76,1.0,0.2504633219165193
CID0_SID1_PID321_MGID5_CAT118-CAT280-CAT3109,51.64473684210526,29.94114402061414,76,72,1.0555555555555556,0.336112483589598
CID0_SID1_PID345_MGID5_CAT116-CAT226-CAT396,100.14473684210526,46.37893313344424,76,75,1.0133333333333334,0.21447923361298443
CID0_SID1_PID362_MGID1_CAT17-CAT217-CAT351,30.144736842105264,30.116530985432085,76,69,1.1014492753623188,0.9981295135546113
CID0_SID1_PID366_MGID5_CAT116-CAT225-CAT3103,46.98684210526316,21.26436356665152,76,75,1.0133333333333334,0.20481052091974913
CID0_SID1_PID368_MGID5_CAT118-CAT280-CAT3112,41.01315789473684,23.769724957630526,76,75,1.0133333333333334,0.3358937268027689
CID0_SID1_PID370_MGID6_CAT124-CAT266-CAT3199,118.42105263157895,45.69617435712964,76,76,1.0,0.1489024526748971
CID0_SID1_PID373_MGID2_CAT131-CAT279-CAT322,44.60526315789474,28.352109361794547,76,71,1.0704225352112675,0.4040159761923408
CID0_SID1_PID374_MGID5_CAT118-CAT245-CAT393,50.39473684210526,18.216533843274295,76,75,1.0133333333333334,0.1306655577446161
CID0_SID1_PID379_MGID2_CAT129-CAT276-CAT3231,76.1842105263158,66.3921100786965,76,73,1.0410958904109588,0.7594566694805625
CID0_SID1_PID381_MGID0_CAT128-CAT23-CAT37,173.1578947368421,81.93022277223938,76,71,1.0704225352112675,0.22387400954043904
CID0_SID1_PID38_MGID0_CAT15-CAT26-CAT365,87.10526315789474,142.73346526047476,76,73,1.0410958904109588,2.6851145936966616
CID0_SID1_PID411_MGID0_CAT128-CAT272-CAT3218,67.36842105263158,55.28998513420266,76,70,1.0857142857142856,0.6735660807291668
CID0_SID1_PID415_MGID1_CAT17-CAT217-CAT342,86.0,37.60992776736838,76,76,1.0,0.19125292951144773
CID0_SID1_PID422_MGID5_CAT116-CAT225-CAT3101,120.92105263157895,90.90915071768367,76,76,1.0,0.5652119858719501
CID0_SID1_PID424_MGID5_CAT116-CAT227-CAT397,43.56578947368421,39.20759638176112,76,74,1.027027027027027,0.8099333100483599
CID0_SID1_PID439_MGID6_CAT121-CAT261-CAT316,93.28947368421052,115.30120737031608,76,73,1.0410958904109588,1.5275745850748288
CID0_SID1_PID452_MGID2_CAT129-CAT276-CAT360,54.3421052631579,35.18846501590313,76,74,1.027027027027027,0.4193027650589105
CID0_SID1_PID470_MGID5_CAT116-CAT225-CAT3101,46.61842105263158,22.281811479478446,76,75,1.0133333333333334,0.22844721651103525
CID0_SID1_PID486_MGID6_CAT120-CAT268-CAT363,286.3157894736842,123.52427135601765,76,76,1.0,0.18612898284313717
CID0_SID1_PID487_MGID3_CAT111-CAT262-CAT3182,39.21052631578947,22.9063692973366,76,72,1.0555555555555556,0.341277119649265
CID0_SID1_PID489_MGID6_CAT121-CAT264-CAT3123,112.23684210526316,46.089729418762445,76,76,1.0,0.16863100923710395
CID0_SID1_PID496_MGID5_CAT116-CAT225-CAT3101,73.69736842105263,32.49493077875055,76,76,1.0,0.1944138816999707
CID0_SID1_PID499_MGID6_CAT120-CAT268-CAT318,44.56578947368421,20.86933030474196,76,75,1.0133333333333334,0.21928746996213055
CID0_SID1_PID4_MGID2_CAT129-CAT278-CAT382,463.1578947368421,394.64823332960134,76,76,1.0,0.7260427341597798
CID0_SID1_PID500_MGID6_CAT14-CAT228-CAT3179,130.75,87.39078898831386,76,76,1.0,0.44673288755488444
CID0_SID1_PID554_MGID6_CAT14-CAT228-CAT3168,110.22368421052632,51.61720609363007,76,74,1.027027027027027,0.21930025712657344
CID0_SID1_PID556_MGID5_CAT116-CAT225-CAT394,47.89473684210526,61.30395940391201,76,75,1.0133333333333334,1.6383303143742711
CID0_SID1_PID563_MGID5_CAT116-CAT225-CAT3105,43.25,45.19148149817619,76,74,1.027027027027027,1.0917945805072007
CID0_SID1_PID578_MGID6_CAT14-CAT253-CAT358,106.3157894736842,32.897501638195685,76,76,1.0,0.0957481292683724
CID0_SID1_PID58_MGID5_CAT115-CAT242-CAT389,88.88157894736842,42.15715585133424,76,76,1.0,0.2249671386329506
CID0_SID1_PID592_MGID5_CAT115-CAT243-CAT311,55.13157894736842,27.050738550737403,76,74,1.027027027027027,0.24074506448850633
CID0_SID1_PID596_MGID2_CAT129-CAT276-CAT360,207.76315789473685,112.7900549305127,76,76,1.0,0.2947165610277279
CID0_SID1_PID60_MGID6_CAT121-CAT261-CAT3224,55.26315789473684,24.791056678327983,76,76,1.0,0.2012420256991687
CID0_SID1_PID622_MGID6_CAT121-CAT261-CAT3178,43.55263157894737,22.786191571120202,76,75,1.0133333333333334,0.27372513942004906
CID0_SID1_PID627_MGID4_CAT113-CAT21-CAT3214,45.0,32.55764119219942,76,73,1.0410958904109588,0.523456790123457
CID0_SID1_PID628_MGID6_CAT121-CAT261-CAT316,38.89473684210526,50.57814520056885,76,74,1.027027027027027,1.6910020062708946
CID0_SID1_PID62_MGID0_CAT128-CAT252-CAT361,57.76315789473684,40.61522486984493,76,69,1.1014492753623188,0.4943970471994921
CID0_SID1_PID631_MGID5_CAT116-CAT225-CAT3103,117.28947368421052,43.25392183820983,76,76,1.0,0.13599812076766019
CID0_SID1_PID633_MGID5_CAT116-CAT225-CAT3105,53.31578947368421,24.572727715262324,76,76,1.0,0.21241982558428488
CID0_SID1_PID634_MGID5_CAT116-CAT225-CAT399,65.32894736842105,27.02462489799244,76,76,1.0,0.17112285927643214
CID0_SID1_PID635_MGID5_CAT116-CAT227-CAT3104,77.27631578947368,37.916258143162636,76,74,1.027027027027027,0.24074547094497983
CID0_SID1_PID636_MGID5_CAT116-CAT225-CAT3106,44.44736842105263,21.7196652747947,76,75,1.0133333333333334,0.23878890832062905
CID0_SID1_PID638_MGID5_CAT116-CAT225-CAT394,88.78947368421052,42.22994696956926,76,76,1.0,0.2262132862304545
CID0_SID1_PID63_MGID0_CAT128-CAT252-CAT3169,35.921052631578945,35.89531563046251,76,57,1.3333333333333333,0.9985675374686365
CID0_SID1_PID644_MGID4_CAT123-CAT210-CAT317,118.28947368421052,74.17795104377466,76,76,1.0,0.3932398004951737
CID0_SID1_PID653_MGID1_CAT17-CAT217-CAT354,39.421052631578945,19.523157639340162,76,73,1.0410958904109588,0.24526958062463342
CID0_SID1_PID663_MGID6_CAT110-CAT233-CAT3186,53.9078947368421,31.084477425913153,76,75,1.0133333333333334,0.3324929169137312
CID0_SID1_PID670_MGID2_CAT131-CAT279-CAT3227,60.0,24.76556749467561,76,75,1.0133333333333334,0.17037037037037037
CID0_SID1_PID686_MGID2_CAT10-CAT221-CAT3221,82.76315789473684,40.58238317991446,76,74,1.027027027027027,0.24043682698877694
CID0_SID1_PID691_MGID6_CAT121-CAT264-CAT319,583.5526315789474,200.07134692316419,76,75,1.0133333333333334,0.11754650695862867
CID0_SID1_PID6_MGID6_CAT120-CAT250-CAT3170,96.71052631578948,60.1417915240251,76,75,1.0133333333333334,0.38672765360112293
CID0_SID1_PID706_MGID4_CAT127-CAT20-CAT30,50.26315789473684,16.40924001575749,76,76,1.0,0.10658041172116992
CID0_SID1_PID70_MGID6_CAT14-CAT228-CAT381,567.6315789473684,222.93119070572806,76,74,1.027027027027027,0.15424410480996956
CID0_SID1_PID711_MGID4_CAT127-CAT237-CAT3126,48.026315789473685,29.844920811515216,76,73,1.0410958904109588,0.38617336585976103
CID0_SID1_PID717_MGID5_CAT116-CAT225-CAT3103,43.21052631578947,24.263726446130065,76,74,1.027027027027027,0.3153086533311772
CID0_SID1_PID719_MGID6_CAT110-CAT257-CAT3205,53.28947368421053,21.502753801609497,76,76,1.0,0.16281908245694254
CID0_SID1_PID738_MGID6_CAT14-CAT228-CAT381,39.56578947368421,20.078071305990054,76,75,1.0133333333333334,0.2575160563717362
CID0_SID1_PID740_MGID2_CAT129-CAT276-CAT360,137.3684210526316,47.05651697133654,76,76,1.0,0.11734531201832032
CID0_SID1_PID74_MGID6_CAT121-CAT261-CAT316,70.28947368421052,27.592663657561197,76,76,1.0,0.1541014309254015
CID0_SID1_PID764_MGID5_CAT118-CAT280-CAT3111,64.57894736842105,31.50249224337432,76,75,1.0133333333333334,0.2379621603657805
CID0_SID1_PID765_MGID5_CAT118-CAT280-CAT3112,51.03947368421053,21.737488839620635,76,76,1.0,0.18138708832090833
CID0_SID1_PID768_MGID0_CAT15-CAT25-CAT36,56.578947368421055,51.75719290633777,76,64,1.1875,0.8368193257616732
CID0_SID1_PID769_MGID6_CAT120-CAT268-CAT3176,171.8421052631579,61.3994685387594,76,76,1.0,0.1276644723727689
CID0_SID1_PID76_MGID6_CAT18-CAT229-CAT3113,187.89473684210526,93.21395874686988,76,72,1.0555555555555556,0.2461119349700665
CID0_SID1_PID775_MGID6_CAT14-CAT228-CAT3167,241.97368421052633,95.72209409663796,76,76,1.0,0.15649054684206593
CID0_SID1_PID783_MGID5_CAT122-CAT281-CAT356,119.86842105263158,68.67301111892758,76,73,1.0410958904109588,0.3282181637368697
CID0_SID1_PID793_MGID3_CAT114-CAT240-CAT3146,45.526315789473685,35.07685796807177,76,65,1.1692307692307693,0.5936307037767157
CID0_SID1_PID796_MGID6_CAT14-CAT228-CAT31,192.3684210526316,76.1729334440632,76,74,1.027027027027027,0.1567955745273326
CID0_SID1_PID79_MGID6_CAT14-CAT228-CAT310,54.3421052631579,31.888787008008087,76,76,1.0,0.34435237352625625
CID0_SID1_PID7_MGID2_CAT131-CAT279-CAT3228,46.71052631578947,23.288804629105194,76,72,1.0555555555555556,0.24857925014877996
CID0_SID1_PID806_MGID6_CAT121-CAT264-CAT3184,45.0,29.776948578836397,76,69,1.1014492753623188,0.4378600823045268
CID0_SID1_PID810_MGID6_CAT14-CAT228-CAT3168,139.21052631578948,74.00474143178913,76,73,1.0410958904109588,0.282601810790175
CID0_SID1_PID816_MGID4_CAT127-CAT20-CAT30,49.21052631578947,14.584298213694234,76,76,1.0,0.08783246113224091
CID0_SID1_PID822_MGID6_CAT120-CAT250-CAT3183,53.473684210526315,32.64780694389156,76,70,1.0857142857142856,0.37275872135077603
CID0_SID1_PID829_MGID3_CAT111-CAT235-CAT371,46.93421052631579,29.690553167100497,76,73,1.0410958904109588,0.4001819941055478
CID0_SID1_PID830_MGID1_CAT17-CAT216-CAT344,54.473684210526315,70.47259016747064,76,60,1.2666666666666666,1.673658972982644
CID0_SID1_PID834_MGID0_CAT128-CAT272-CAT3154,171.8421052631579,87.70724829515957,76,73,1.0410958904109588,0.26050244405410455
CID0_SID1_PID841_MGID2_CAT10-CAT213-CAT327,55.223684210526315,27.87476693317717,76,75,1.0133333333333334,0.2547837560997681
CID0_SID1_PID843_MGID6_CAT14-CAT228-CAT3167,94.3157894736842,33.34834749581687,76,75,1.0133333333333334,0.12502009592899668
CID0_SID1_PID847_MGID6_CAT120-CAT250-CAT3229,56.26315789473684,29.713910736018406,76,76,1.0,0.27891471036667614
CID0_SID1_PID858_MGID5_CAT115-CAT243-CAT311,72.72368421052632,112.00233315238995,76,74,1.027027027027027,2.371932876581431
CID0_SID1_PID90_MGID6_CAT14-CAT253-CAT377,153.3684210526316,139.25629533157087,76,65,1.1692307692307693,0.8244375836434904
CID0_SID1_PID94_MGID6_CAT14-CAT228-CAT3216,48.94736842105263,21.514580939038908,76,75,1.0133333333333334,0.19319998458395968
CID0_SID1_PID99_MGID6_CAT18-CAT229-CAT3115,71.9342105263158,36.13763892907809,76,75,1.0133333333333334,0.2523763095057699
CID0_SID1_PID9_MGID2_CAT131-CAT279-CAT3232,49.3421052631579,21.561417783673345,76,74,1.027027027027027,0.19094983111111108
CID0_SID2_PID104_MGID6_CAT120-CAT250-CAT32,206.57894736842104,75.83407556991685,76,76,1.0,0.13475865687587057
CID0_SID2_PID115_MGID6_CAT110-CAT233-CAT3181,70.01315789473684,50.886931766037975,76,68,1.1176470588235294,0.528266655166666
CID0_SID2_PID118_MGID6_CAT14-CAT228-CAT3180,191.44736842105263,88.53931627427328,76,75,1.0133333333333334,0.21388164995689715
CID0_SID2_PID11_MGID5_CAT118-CAT280-CAT386,65.39473684210526,28.679413730580766,76,75,1.0133333333333334,0.1923335047171021
CID0_SID2_PID122_MGID6_CAT120-CAT268-CAT3127,132.82894736842104,53.56824635494296,76,76,1.0,0.16264076055416424
CID0_SID2_PID127_MGID6_CAT120-CAT258-CAT3172,66.1842105263158,31.2395947589234,76,73,1.0410958904109588,0.22279323396927905
CID0_SID2_PID129_MGID6_CAT110-CAT233-CAT3181,103.55263157894737,116.94675651615619,76,58,1.3103448275862069,1.275422524106523
CID0_SID2_PID12_MGID5_CAT118-CAT280-CAT386,42.61842105263158,23.514515860216026,76,75,1.0133333333333334,0.3044229369451241
CID0_SID2_PID135_MGID6_CAT14-CAT228-CAT3167,51.276315789473685,24.642834622778565,76,76,1.0,0.23096581117395373
CID0_SID2_PID136_MGID6_CAT14-CAT228-CAT3161,39.21052631578947,20.380589320543006,76,72,1.0555555555555556,0.2701644070086933
CID0_SID2_PID140_MGID6_CAT14-CAT228-CAT310,41.05263157894737,20.693248326828478,76,73,1.0410958904109588,0.2540828402366865
CID0_SID2_PID145_MGID5_CAT118-CAT280-CAT3110,43.01315789473684,18.522414112674504,76,76,1.0,0.18543534760492064
CID0_SID2_PID150_MGID6_CAT18-CAT229-CAT3116,51.1578947368421,27.276877940399242,76,74,1.027027027027027,0.28429157705182717
CID0_SID2_PID16_MGID6_CAT18-CAT229-CAT3113,53.1578947368421,26.892899995638974,76,74,1.027027027027027,0.2559409208247559
CID0_SID2_PID181_MGID5_CAT118-CAT280-CAT3112,70.94736842105263,34.11623063854587,76,75,1.0133333333333334,0.23123283349035975
CID0_SID2_PID193_MGID6_CAT18-CAT229-CAT3114,109.60526315789474,37.03838691497184,76,75,1.0133333333333334,0.1141934805134538
CID0_SID2_PID194_MGID5_CAT118-CAT280-CAT3109,38.51315789473684,23.09429564260556,76,73,1.0410958904109588,0.359576401622178
CID0_SID2_PID19_MGID6_CAT14-CAT228-CAT381,146.44736842105263,56.04055549019052,76,75,1.0133333333333334,0.14643393024311502
CID0_SID2_PID200_MGID6_CAT18-CAT229-CAT3113,40.39473684210526,21.50601710986543,76,72,1.0555555555555556,0.2834460489412797
CID0_SID2_PID201_MGID6_CAT18-CAT229-CAT3113,101.94736842105263,41.21096771066075,76,76,1.0,0.16340810207475953
CID0_SID2_PID207_MGID6_CAT14-CAT228-CAT3179,84.86842105263158,32.35195701664766,76,75,1.0133333333333334,0.1453144722873225
CID0_SID2_PID212_MGID6_CAT120-CAT250-CAT3229,61.71052631578947,25.000701744537054,76,75,1.0133333333333334,0.1641292168460166
CID0_SID2_PID213_MGID6_CAT14-CAT228-CAT381,41.39473684210526,25.821995248169557,76,75,1.0133333333333334,0.38912518639733584
CID0_SID2_PID215_MGID6_CAT14-CAT228-CAT3149,278.6842105263158,85.26573528701368,76,76,1.0,0.09361045498467357
CID0_SID2_PID216_MGID6_CAT121-CAT264-CAT3123,53.28947368421053,20.80949513369554,76,74,1.027027027027027,0.15248960016257684
CID0_SID2_PID21_MGID6_CAT14-CAT228-CAT381,57.10526315789474,25.654930103130106,76,75,1.0133333333333334,0.20183170875009732
CID0_SID2_PID220_MGID6_CAT18-CAT229-CAT3113,49.473684210526315,23.203145582275713,76,74,1.027027027027027,0.2199607665610383
CID0_SID2_PID223_MGID6_CAT120-CAT258-CAT3172,132.3684210526316,52.15025525159986,76,76,1.0,0.15521872080966823
CID0_SID2_PID23_MGID6_CAT14-CAT253-CAT358,61.973684210526315,33.82384708425325,76,76,1.0,0.29787316140839604
CID0_SID2_PID240_MGID6_CAT14-CAT228-CAT3180,106.25,41.96129168650556,76,75,1.0133333333333334,0.15596955017301045
CID0_SID2_PID250_MGID5_CAT116-CAT227-CAT397,54.671052631578945,25.212371649857264,76,76,1.0,0.21267308405774435
CID0_SID2_PID26_MGID6_CAT14-CAT253-CAT3156,63.73684210526316,31.562580554005248,76,75,1.0133333333333334,0.24522453707334116
CID0_SID2_PID27_MGID6_CAT14-CAT228-CAT310,52.76315789473684,42.72699955798522,76,73,1.0410958904109588,0.6557574476112293
CID0_SID2_PID290_MGID5_CAT116-CAT225-CAT3105,124.4342105263158,43.09256255281671,76,76,1.0,0.11992923071855355
CID0_SID2_PID291_MGID5_CAT116-CAT227-CAT398,75.13157894736842,33.21338770446365,76,76,1.0,0.19542553891483985
CID0_SID2_PID292_MGID5_CAT116-CAT227-CAT3104,195.0921052631579,64.6465627096711,76,76,1.0,0.10980231226936639
CID0_SID2_PID300_MGID6_CAT120-CAT250-CAT324,476.86842105263156,193.99720562284824,76,75,1.0133333333333334,0.16549840824533388
CID0_SID2_PID321_MGID5_CAT118-CAT280-CAT3109,38.25,20.447086181980385,76,71,1.0704225352112675,0.28575903854642787
CID0_SID2_PID345_MGID5_CAT116-CAT226-CAT396,77.72368421052632,32.42122707289593,76,76,1.0,0.1740011580471672
CID0_SID2_PID363_MGID6_CAT14-CAT253-CAT377,119.07894736842105,59.89274038543564,76,71,1.0704225352112675,0.252975460659524
CID0_SID2_PID379_MGID2_CAT129-CAT276-CAT3231,55.39473684210526,42.25133653029796,76,70,1.0857142857142856,0.5817600517562717
CID0_SID2_PID41_MGID6_CAT14-CAT253-CAT377,110.85526315789474,97.7218779936023,76,64,1.1875,0.7770893814098333
CID0_SID2_PID422_MGID5_CAT116-CAT225-CAT3101,80.65789473684211,78.42338981563753,76,76,1.0,0.9453605096038615
CID0_SID2_PID452_MGID2_CAT129-CAT276-CAT360,39.21052631578947,21.339363182921645,76,72,1.0555555555555556,0.2961812530967075
CID0_SID2_PID473_MGID1_CAT17-CAT217-CAT346,48.421052631578945,22.981304377193066,76,74,1.027027027027027,0.2252583490863265
CID0_SID2_PID486_MGID6_CAT120-CAT268-CAT363,220.1315789473684,91.1773863930837,76,76,1.0,0.1715574492957842
CID0_SID2_PID496_MGID5_CAT116-CAT225-CAT3101,42.81578947368421,17.639131139838515,76,76,1.0,0.16972525328384058
CID0_SID2_PID4_MGID2_CAT129-CAT278-CAT382,415.6578947368421,342.3188982077611,76,76,1.0,0.6782498151252919
CID0_SID2_PID500_MGID6_CAT14-CAT228-CAT3179,85.0,65.71656310753526,76,76,1.0,0.5977393310265281
CID0_SID2_PID549_MGID2_CAT131-CAT279-CAT3230,124.60526315789474,56.90789727208188,76,74,1.027027027027027,0.20857982766304378
CID0_SID2_PID554_MGID6_CAT14-CAT228-CAT3168,71.05263157894737,33.00823926914495,76,73,1.0410958904109588,0.21581636945587565
CID0_SID2_PID556_MGID5_CAT116-CAT225-CAT394,46.578947368421055,33.72645377460439,76,74,1.027027027027027,0.5242784640428996
CID0_SID2_PID567_MGID6_CAT120-CAT250-CAT359,95.0,43.15862215903871,76,75,1.0133333333333334,0.2063896583564174
CID0_SID2_PID578_MGID6_CAT14-CAT253-CAT358,80.52631578947368,32.73712415966947,76,75,1.0133333333333334,0.16527432468993414
CID0_SID2_PID580_MGID2_CAT129-CAT276-CAT360,199.47368421052633,71.5522137899703,76,76,1.0,0.12866929822729353
CID0_SID2_PID58_MGID5_CAT115-CAT242-CAT389,52.10526315789474,26.223947807233202,76,74,1.027027027027027,0.2532986974118287
CID0_SID2_PID600_MGID2_CAT129-CAT278-CAT3157,84.21052631578948,28.85657211773368,76,76,1.0,0.11742395833333331
CID0_SID2_PID633_MGID5_CAT116-CAT225-CAT3105,47.89473684210526,20.219844343198044,76,75,1.0133333333333334,0.17822968240550663
CID0_SID2_PID634_MGID5_CAT116-CAT225-CAT399,50.1578947368421,20.778227471132016,76,76,1.0,0.1716083412518484
CID0_SID2_PID635_MGID5_CAT116-CAT227-CAT3104,59.671052631578945,33.05848883737015,76,75,1.0133333333333334,0.3069294749036346
CID0_SID2_PID638_MGID5_CAT116-CAT225-CAT394,76.1842105263158,34.83167544111378,76,75,1.0133333333333334,0.20903489330561215
CID0_SID2_PID644_MGID4_CAT123-CAT210-CAT317,71.97368421052632,44.000598082059604,76,75,1.0133333333333334,0.37374009471640224
CID0_SID2_PID645_MGID6_CAT124-CAT269-CAT3139,42.61842105263158,40.49723187421189,76,75,1.0133333333333334,0.9029339152603421
CID0_SID2_PID650_MGID6_CAT110-CAT233-CAT3160,43.26315789473684,30.325948590188183,76,64,1.1875,0.49135157854855216
CID0_SID2_PID670_MGID2_CAT131-CAT279-CAT3227,51.578947368421055,20.268374812595603,76,76,1.0,0.15441621546577822
CID0_SID2_PID686_MGID2_CAT10-CAT221-CAT3221,64.07894736842105,37.706856373130066,76,74,1.027027027027027,0.3462660521962538
CID0_SID2_PID691_MGID6_CAT121-CAT264-CAT319,442.89473684210526,144.34048440613083,76,76,1.0,0.10621241365220954
CID0_SID2_PID6_MGID6_CAT120-CAT250-CAT3170,85.26315789473684,41.391583176954434,76,76,1.0,0.23566834324035982
CID0_SID2_PID70_MGID6_CAT14-CAT228-CAT381,407.7631578947368,143.66255540175177,76,76,1.0,0.12412841401718615
CID0_SID2_PID715_MGID6_CAT110-CAT238-CAT3190,72.47368421052632,39.28001143387835,76,73,1.0410958904109588,0.29375315005818
CID0_SID2_PID719_MGID6_CAT110-CAT257-CAT3205,45.88157894736842,16.73317431950727,76,76,1.0,0.13300867298853516
CID0_SID2_PID728_MGID6_CAT120-CAT258-CAT374,67.5,34.063665882187934,76,76,1.0,0.25466849565615013
CID0_SID2_PID76_MGID6_CAT18-CAT229-CAT3113,175.78947368421052,63.75501356274629,76,74,1.027027027027027,0.13153549189047054
CID0_SID2_PID774_MGID6_CAT14-CAT253-CAT377,85.59210526315789,48.62761290503684,76,71,1.0704225352112675,0.32277395558669764
CID0_SID2_PID775_MGID6_CAT14-CAT228-CAT3167,186.05263157894737,52.91701547060067,76,76,1.0,0.08089451014206295
CID0_SID2_PID77_MGID6_CAT18-CAT229-CAT3113,47.63157894736842,23.825388198453723,76,74,1.027027027027027,0.25020156079891764
CID0_SID2_PID783_MGID5_CAT122-CAT281-CAT356,87.63157894736842,39.895477473104854,76,74,1.027027027027027,0.20726504282059827
CID0_SID2_PID802_MGID0_CAT15-CAT27-CAT366,122.76315789473684,121.72755025559361,76,66,1.1515151515151516,0.9831995273154898
CID0_SID2_PID829_MGID3_CAT111-CAT235-CAT371,59.078947368421055,33.07275340130997,76,72,1.0555555555555556,0.31338283705603315
CID0_SID2_PID834_MGID0_CAT128-CAT272-CAT3154,111.57894736842105,59.80083904827084,76,73,1.0410958904109588,0.287243384359796
CID0_SID2_PID843_MGID6_CAT14-CAT228-CAT3167,60.6578947368421,33.67830266173517,76,68,1.1176470588235294,0.308266069392358
CID0_SID2_PID93_MGID6_CAT121-CAT261-CAT3223,61.421052631578945,22.601040187209524,76,76,1.0,0.13540114747481877
CID0_SID8_PID411_MGID0_CAT128-CAT272-CAT3218,36.8421052631579,36.52252369212874,76,58,1.3103448275862069,0.9827265306122449
CID0_SID8_PID90_MGID6_CAT14-CAT253-CAT377,40.61842105263158,52.48745046332837,76,47,1.6170212765957446,1.669801631812169
